CREATE TABLE `categories` (
  `id` int(11) NOT NULL auto_increment,
  `title` varchar(255) NOT NULL default '',
  `thumb` varchar(255) NOT NULL default '',
  `approved` enum('0','1') NOT NULL default '0',
  PRIMARY KEY  (`id`)
)  AUTO_INCREMENT=4 ;

INSERT INTO `categories` (`id`, `title`, `thumb`, `approved`) VALUES
(1, 'Art', 'folder_art.gif', '1'),
(2, 'Animation', 'folder_animation.gif', '1'),
(3, 'Funny', 'folder_funny.gif', '1');

CREATE TABLE `channels` (
  `username` varchar(255) NOT NULL default '',
  `description` text NOT NULL,
  `short_desc` varchar(255) NOT NULL default '',
  `themes_id` int(11) NOT NULL default '0',
  `link` varchar(255) NOT NULL default '',
  `link_title` varchar(255) NOT NULL default '',
  `image` varchar(255) NOT NULL default '',
  `thumbs_id` int(11) NOT NULL default '0',
  `approved` enum('0','1') NOT NULL default '1',
  PRIMARY KEY  (`username`),
  KEY `themes_id` (`themes_id`),
  KEY `thumbs_id` (`thumbs_id`)
) ;

INSERT INTO `channels` (`username`, `description`, `short_desc`, `themes_id`, `link`, `link_title`, `image`, `thumbs_id`, `approved`) VALUES
('test', 'Some test videos', 'Some test videos', 0, '', '', '', 1, '1');

CREATE TABLE `channel_comments` (
  `comments_id` int(11) NOT NULL default '0',
  `channels_id` varchar(255) NOT NULL default '0',
  KEY `comments_id` (`comments_id`,`channels_id`)
) ;

CREATE TABLE `comments` (
  `id` int(11) NOT NULL auto_increment,
  `username` varchar(250) NOT NULL default '',
  `tt` int(11) NOT NULL default '0',
  `text` text NOT NULL,
  `approved` enum('0','1') NOT NULL default '1',
  `reported` enum('0','1') NOT NULL default '0',
  PRIMARY KEY  (`id`),
  KEY `username` (`username`)
)  AUTO_INCREMENT=1 ;

CREATE TABLE `favorites` (
  `id` int(11) NOT NULL auto_increment,
  `username` varchar(255) NOT NULL default '',
  `videos_id` int(11) NOT NULL default '0',
  `playlists_id` int(11) NOT NULL default '0',
  `ord` int(11) NOT NULL default '0',
  PRIMARY KEY  (`id`),
  KEY `username` (`username`,`videos_id`),
  KEY `playlists_id` (`playlists_id`)
)  AUTO_INCREMENT=1 ;

CREATE TABLE `featured` (
  `id` int(11) NOT NULL auto_increment,
  `videos_id` int(11) NOT NULL default '0',
  PRIMARY KEY  (`id`),
  KEY `videos_id` (`videos_id`)
)  AUTO_INCREMENT=1 ;

CREATE TABLE `filetypes` (
  `type` varchar(255) NOT NULL default '',
  `players_id` int(11) NOT NULL default '0',
  PRIMARY KEY  (`type`),
  KEY `players_id` (`players_id`)
) ;

INSERT INTO `filetypes` (`type`, `players_id`) VALUES
('flv', 1),
('asf', 2),
('asx', 2),
('avi', 2),
('wmv', 2),
('mov', 4);

CREATE TABLE `lang` (
  `id` int(11) NOT NULL auto_increment,
  `code` varchar(255) NOT NULL default '',
  `approved` enum('0','1') NOT NULL default '0',
  PRIMARY KEY  (`id`)
)  AUTO_INCREMENT=6 ;

INSERT INTO `lang` (`id`, `code`, `approved`) VALUES
(1, 'EN', '1'),
(2, 'DE', '1'),
(4, 'FR', '1'),
(5, 'ES', '1');

CREATE TABLE `license` (
  `id` int(11) NOT NULL default '0',
  `tt` varchar(255) NOT NULL default '',
  `last_attempt` varchar(255) NOT NULL default '',
  `url` varchar(255) NOT NULL default '',
  PRIMARY KEY  (`id`)
) ;

INSERT INTO `license` (`id`, `tt`, `last_attempt`, `url`) VALUES
(1, '=', '=', 'B?Z\\|?4??Q');

CREATE TABLE `ltext` (
  `id` int(11) NOT NULL auto_increment,
  `lang_id` int(11) NOT NULL default '0',
  `code` varchar(255) NOT NULL default '',
  `string` text NOT NULL,
  PRIMARY KEY  (`id`),
  KEY `lang_id` (`lang_id`,`code`)
)  AUTO_INCREMENT=2478 ;

INSERT INTO `ltext` (`id`, `lang_id`, `code`, `string`) VALUES
(1, 1, 'E_LOGIN', 'Wrong username or password!'),
(2, 1, 'E_SIGNUP_USERNAME', 'Bad username! Your username must be at leats 3 characters long and can only contain alphanumeric characters and some special characters: !@#$%^&amp;amp;*()_- ='),
(3, 1, 'E_SIGNUP_EMAIL', 'Bad email address!'),
(4, 1, 'E_SIGNUP_PASSWORD', 'Bad password! Your password must be at least 5 characters long and can only contain alphanumeric characters and some special characters: !@#$%^&amp;amp;*()_- ='),
(5, 1, 'E_SIGNUP_MATCH_PSWD', 'Passwords don''t match!'),
(6, 1, 'E_SIGNUP_EXISTS', 'The username is already in use.'),
(7, 1, 'E_SIGNUP_CODE', 'The code you have entered is wrong. Please try again.'),
(8, 1, 'E_MEMBERS_PSWD_RESET', 'An email with your new password has been sent.'),
(9, 1, 'E_MEMBERS_NOUSER', 'The email and/or username you''ve entered does not exist in our database.'),
(10, 1, 'E_UPLOAD_TITLE', 'Please provide a title for your video.'),
(11, 1, 'E_UPLOAD_DESCRIPTION', 'Please provide a description for your video.'),
(12, 1, 'E_UPLOAD_TAGS', 'Please provide some tags related to your video.'),
(13, 1, 'E_UPLOAD_FILE', 'Please select a video file to upload.'),
(14, 1, 'E_SS_CHANNEL', 'The channel you have entered does not exist. Please try again.'),
(15, 1, 'E_SS_DUPLICATE', 'You are subscribed to this channel.'),
(16, 1, 'E_FAV_ADDED', 'This video has been added to your favorites/playlist.'),
(17, 1, 'E_FAV_DUPLICATE', 'You already have this video in your favorites/playlist.'),
(18, 1, 'E_REPORT_VIDEO', 'This video has been reported and will be reviewed. Thank you for your cooperation.'),
(19, 1, 'E_REPORT_COMMENT', 'This comment has been reported and will be reviewed. Thank you for your cooperation.'),
(20, 1, 'E_PLAYLIST_TITLE', 'Please provide a title for a new playlist.'),
(21, 1, 'E_UPLOAD', 'There was an error while uploading your file. Please check if your file does not break the rules below.'),
(22, 1, 'E_ACCESS_DENIED', 'Access denied! You have insufficient permissions to access this page. Consider upgrading.'),
(23, 1, 'T_ACCOUNT', 'My Account'),
(24, 1, 'M_PASSWORD', 'Your password must be at least 5 characters long and can only contain alphanumeric characters and some special characters: !@#$%^&amp;*()_- ='),
(25, 1, 'T_PASSWORD', 'Password'),
(26, 1, 'T_RPASSWORD', 'Repeat password'),
(27, 1, 'T_EMAIL', 'E-mail'),
(28, 1, 'M_EMAIL', 'Please specify a valid e-mail address'),
(29, 1, 'T_SAVEACCOUNT', 'Save Account'),
(30, 1, 'T_CATS', 'Categories'),
(31, 1, 'T_VIDEOS', 'Videos'),
(32, 1, 'T_TAGS', 'Tags'),
(33, 1, 'T_CHANNEL', 'Channel'),
(34, 1, 'T_VIEWS', 'Views'),
(35, 1, 'T_SUBSCRIPTIONS', 'Subscriptions'),
(36, 1, 'T_SUBSCRIBE', 'Subscribe'),
(37, 1, 'T_SORTBY', 'Sort by'),
(38, 1, 'T_NEWVIDEOS', 'New videos'),
(39, 1, 'T_REPORTCOMMENT', 'Report comment'),
(40, 1, 'T_COMMENTS', 'Comments'),
(41, 1, 'T_POSTCOMMENT', 'Post a comment'),
(42, 1, 'T_POST', 'Post'),
(43, 1, 'T_CREATEPL', 'Create Playlist'),
(44, 1, 'T_TITLE', 'Title'),
(45, 1, 'M_PLTITLE', 'Specify a title for the new playlist.'),
(46, 1, 'T_DESC', 'Description'),
(47, 1, 'M_PLDESC', 'Describe the playlist and videos to be added to it.'),
(48, 1, 'T_VIDEO', 'Video'),
(49, 1, 'T_ADDED', 'Added'),
(50, 1, 'T_FROM', 'From'),
(51, 1, 'M_REMOVE_VIDEOS', 'Are you sure you want to removed the selected videos?'),
(52, 1, 'T_REMOVE_SELECTED', 'Remove Selected'),
(53, 1, 'T_MYCHANNEL', 'My Channel'),
(54, 1, 'T_CHANNEL_LINK', 'Link to your channel'),
(55, 1, 'T_SHORTDESC', 'Short description'),
(56, 1, 'M_CHANNEL_SHORTDESC', 'Describe your channel in few words'),
(57, 1, 'T_ABOUT', 'About'),
(58, 1, 'M_CHANNEL_DESC', 'Enter a full description of your channel'),
(59, 1, 'T_UPLOAD_IMAGE', 'Upload image'),
(60, 1, 'M_CHANNEL_IMAGE', 'You can upload an image to be displayed on your channel page (optional)'),
(61, 1, 'T_SELTHUMB', 'Select a thumbnail'),
(62, 1, 'M_CHANNEL_THUMB', 'Select a thumbnail of one of your videos to be displayed as your channel thumbnail'),
(63, 1, 'T_SAVECHANNEL', 'Save Channel'),
(64, 1, 'T_MYSUBSCRIPTIONS', 'My Subscribtions'),
(65, 1, 'M_LINKTO_SUBSCRIPTIONS', '&lt;a href=&quot;index.php?m=users.subscriptions&quot;&gt;&lt;b&gt;Click here&lt;/b&gt;&lt;/a&gt; to view your subscriptions'),
(66, 1, 'T_VIEWALL', 'View All'),
(67, 1, 'T_FEATURED', 'Featured Videos'),
(68, 1, 'T_SIGNIN', 'Sign In'),
(69, 1, 'T_SIGNUP', 'Sign Up'),
(70, 1, 'T_SIGNOUT', 'Log Out'),
(71, 1, 'T_SEARCH', 'Search'),
(72, 1, 'T_GO', 'Go'),
(73, 1, 'T_CLOSE', 'Close'),
(74, 1, 'T_RATINGS', 'Ratings'),
(75, 1, 'T_DATEADDED', 'Date added'),
(76, 1, 'T_DURATION', 'Duration'),
(77, 1, 'T_USERNAME', 'Username'),
(78, 1, 'T_FORGOTPWD', 'Forgot your password?'),
(79, 1, 'T_NONMEMBER', 'Not a member yet?'),
(80, 1, 'T_PENDING', 'Pending videos'),
(81, 1, 'EMAIL_RESET_PASSWORD', 'Your password at &lt;#site/&gt; has beed reset. Your new login details are:\r\n&lt;br /&gt;\r\n&lt;br /&gt;\r\nUsername: &lt;#username/&gt;&lt;br /&gt;\r\nPassword: &lt;#password/&gt;&lt;br /&gt;\r\n&lt;br /&gt;\r\n&lt;br /&gt;\r\nYou can now login and change your password at &lt;#url/&gt;/index.php?m=users.account'),
(82, 1, 'T_RESETPWD', 'Reset Password'),
(83, 1, 'M_RESETPWD', 'Enter your user name and e-mail to reset your password. The new password will be sent to your e-mail.'),
(84, 1, 'T_REMOVE', 'Remove'),
(85, 1, 'T_REMOVE_PL', 'Are you sure you want to remove this playlist?'),
(86, 1, 'T_NEWPL', 'New Playlist'),
(87, 1, 'T_MYPLAYLISTS', 'My Playlists'),
(88, 1, 'T_REARRANGE', 'Rearrange'),
(89, 1, 'T_SAVE', 'Save'),
(90, 1, 'T_PLAY', 'Play'),
(91, 1, 'M_SELECTPL', 'Select a playlist.'),
(92, 1, 'M_USERNAME', 'Your username must be at leats 3 characters long and can only contain alphanumeric characters and some special characters: !@#$%^&amp;amp;*()_- ='),
(93, 1, 'T_SECURITY_CODE', 'Security code'),
(94, 1, 'M_SECURITY_CODE', 'Enter the code displayed below'),
(95, 1, 'EMAIL_SIGNUP', 'Thank you for signing up at &lt;#site/&gt;. Your login details are:\r\n&lt;br /&gt;\r\n&lt;br /&gt;\r\nUsername: &lt;#username/&gt;&lt;br /&gt;\r\nPassword: &lt;#password/&gt;&lt;br /&gt;\r\n&lt;br /&gt;\r\n&lt;br /&gt;\r\nYou can now login at &lt;#url/&gt;'),
(96, 1, 'T_SIGNUP_THANKS', 'Thank you for signing up'),
(97, 1, 'M_SIGNUP_THANKS', 'Thank you! An e-mail has been sent to the e-mail address you''ve provided. You can now log in to your account.'),
(98, 1, 'T_NOWPLAYING', 'Now playing'),
(99, 1, 'T_UNSUBSCRIBE', 'Unsubscribe'),
(100, 1, 'M_UNSUBSCRIBE', 'Are you sure you want to unsubscribe from this channel?'),
(101, 1, 'M_SUBSCRIBETO_USERNAME', 'Enter a username you want to subscribe to:'),
(102, 1, 'M_SUBSCRIBETO_TAGS', 'Enter tags you want to subscribe to:'),
(103, 1, 'T_PREV', 'Previous'),
(104, 1, 'T_NEXT', 'Next'),
(105, 1, 'T_UPLOAD_SUCCESS', 'Upload Successful'),
(106, 1, 'M_UPLOAD_SUCCESS', 'Thank you! The video file will be reviewed by website administrator and will be published as soon as possible. You can find your videos on &lt;a href=&quot;index.php?m=users.myvideos&quot;&gt;My Videos&lt;/a&gt; page.'),
(107, 1, 'T_UPLOAD_STEP1', 'Upload Video - Step 1'),
(108, 1, 'T_UPLOAD_STEP2', 'Upload Video - Step 2'),
(109, 1, 'M_VIDEO_TITLE', 'Enter a short title to describe your video.'),
(110, 1, 'M_VIDEO_DESC', 'Enter a full description of the video.'),
(111, 1, 'T_CAT', 'Category'),
(112, 1, 'M_VIDEO_CAT', 'Select a category you think your video is suitable for.'),
(113, 1, 'M_VIDEO_TAGS', 'Enter a few key words that describe your video.'),
(114, 1, 'T_EXAMPLE', 'For example'),
(115, 1, 'T_CONTINUE', 'Continue'),
(116, 1, 'M_UPLOAD_FILE', 'Select a file to upload. Please note that the following restrictions apply to the files you want to upload:\n			&lt;ul&gt;\n				&lt;li&gt;Maximal file size: &lt;#max_upload_size_mb/&gt; MB&lt;/li&gt;\n				&lt;li&gt;Allowed extensions: &lt;#upload_types/&gt;&lt;/li&gt;\n			&lt;/ul&gt;'),
(117, 1, 'T_UPLOAD', 'Upload'),
(118, 1, 'T_RATE_VIDEO', 'Rate this video'),
(119, 1, 'T_POOR', 'Poor'),
(120, 1, 'T_NS', 'Nothing Special'),
(121, 1, 'T_AVG', 'Average'),
(122, 1, 'T_GOOD', 'Good'),
(123, 1, 'T_AWESOME', 'Awesome'),
(124, 1, 'T_ADD_FAV', 'Add To Favorites'),
(125, 1, 'T_ADDTO_PL', 'Add to playlist'),
(126, 1, 'T_ADD', 'Add'),
(127, 1, 'T_REPORT_VIDEO', 'Report video'),
(128, 1, 'T_SUBSCRIBETO_USER', 'Subscribe to this user'),
(129, 1, 'T_EMBED', 'Put this video on your website'),
(130, 1, 'T_PLAYLIST', 'Playlist'),
(131, 1, 'T_RELATED', 'Related Videos'),
(132, 1, 'T_OTHER', 'Other videos of this user'),
(133, 1, 'T_HOME', 'Home'),
(134, 1, 'T_MOST_VIEWED', 'Most Viewed'),
(135, 1, 'T_CHANNELS', 'Channels'),
(136, 1, 'T_MYFAVORITES', 'My Favorites'),
(137, 1, 'T_LATEST', 'Latest'),
(138, 1, 'T_TOPRATED', 'Top Rated'),
(139, 1, 'E_FEATURE_DISABLED', 'This feature is disabled'),
(140, 1, 'E_FAV_SIGNIN', 'Please sign in to add this video to your favorites'),
(141, 1, 'E_NOVIDEOS', 'No videos found.'),
(142, 1, 'M_FIRST_COMMENT', 'Be first to post a comment!'),
(143, 1, 'M_SIGNIN_COMMENT', '&lt;a href=&quot;index.php?m=users.myvideos&quot;&gt;&lt;b&gt;Sign In&lt;/b&gt;&lt;/a&gt; to post a comment.'),
(144, 1, 'E_NOCHANNELS', 'No channels found.'),
(145, 1, 'T_TOP_CHANNEL_VIDEOS', 'Top &lt;#channel/&gt; videos'),
(146, 1, 'M_NOPENDING', 'You have no pending videos.'),
(147, 1, 'M_NOUPLOADS', 'You have not uploaded any videos yet or the videos are pending for approval.'),
(148, 1, 'M_RATING_THANKS', 'Thanks for rating!'),
(149, 1, 'T_SEARCH_RES', 'Search Results'),
(150, 1, 'T_TOP_SEARCH_VIDEOS', 'Top ''&lt;#search/&gt;'' videos'),
(151, 1, 'T_LATEST_VIDEOS', 'Latest Videos'),
(152, 1, 'T_MOSTVIEWED_VIDEOS', 'Most Viewed Videos'),
(153, 1, 'T_TOPRATED_VIDEOS', 'Top Rated Videos'),
(154, 1, 'E_SUSPENDED_VIDEO', 'This video has been suspended or is not yet approved.'),
(155, 1, 'T_TODAY', 'Today'),
(156, 1, 'T_YESTERDAY', 'Yesterday'),
(157, 1, 'T_DAYSAGO', '&lt;#d/&gt; days ago'),
(158, 1, 'T_WEEKAGO', '1 week ago'),
(159, 1, 'T_WEEKSAGO', '&lt;#d/&gt; weeks ago'),
(160, 1, 'T_MONTHAGO', '1 month ago'),
(161, 1, 'T_MONTHSAGO', '&lt;#d/&gt; months ago'),
(162, 1, 'T_YEARAGO', '&lt;#n/&gt; year ago'),
(163, 1, 'T_YEARSAGO', '&lt;#d/&gt; years ago'),
(164, 1, 'M_NO_SUBSCRIPTIONS', 'You have no subscriptions. Go to &lt;a href=&quot;index.php?m=users.subscriptions&quot;&gt;&lt;b&gt;My Subscriptions&lt;/b&gt;&lt;/a&gt; to subscribe to videos.'),
(165, 1, 'T_MYVIDEOS', 'My Videos'),
(1976, 4, 'EMAIL_RESET_PASSWORD', 'Votre mot de passe sur &lt;#site/&gt; a &amp;#233;t&amp;#233; r&amp;#233;initialis&amp;#233; . Vos nouveaux identifiats sont : \r\n&lt;br /&gt;\r\n&lt;br /&gt;\r\nPseudonyme : &lt;#username/&gt; &lt;br /&gt;\r\nMot de Passe : &lt;#password/&gt; &lt;br /&gt;\r\n&lt;br /&gt;\r\n&lt;br /&gt;\r\nVous pouvez maintenant vous connecter et changer votre mot de passe &amp;#224; cette adresse : &lt;#url/&gt;/index.php?m=users.account'),
(1977, 4, 'EMAIL_SIGNUP', 'Merci de vous &amp;#234;tre enregistr&amp;#233; sur &lt;#site/&gt;. Vos identifiats sont : \r\n&lt;br /&gt;\r\n&lt;br /&gt;\r\nPseudonyme : &lt;#username/&gt; &lt;br /&gt;\r\nMot de Passe : &lt;#password/&gt; &lt;br /&gt;\r\n&lt;br /&gt;\r\n&lt;br /&gt;\r\nVous pouvez maintenant vous connecter &amp;#224; cette adresse : &lt;#url/&gt;'),
(1978, 4, 'E_ACCESS_DENIED', 'Acc&amp;#232;s refus&amp;#233; ! Vous n''avez pas la permission de vous connecter sur cette page. Pensez &amp;#224; changer votre plan.'),
(1979, 4, 'E_FAV_ADDED', 'Cette vid&amp;#233;o &amp;#224; &amp;#233;t&amp;#233; ajout&amp;#233;e &amp;#224; vos pr&amp;#233;f&amp;#233;r&amp;#233;s/liste.'),
(1980, 4, 'E_FAV_DUPLICATE', 'Vous avez d&amp;#233;j&amp;#224; cette vid&amp;#233;o dans vos pr&amp;#233;f&amp;#233;r&amp;#233;s/liste.'),
(1981, 4, 'E_FAV_SIGNIN', 'Veuillez s''il-vous-pla&amp;#238;t vous connecter pour pouvoir ajouter cette vid&amp;#233;o &amp;#224; vos pr&amp;#233;f&amp;#233;r&amp;#233;s'),
(1982, 4, 'E_FEATURE_DISABLED', 'Cette fonction est d&amp;#233;sactiv&amp;#233;e'),
(1983, 4, 'E_LOGIN', 'Pseudonyme ou mot de passe incorrecte !'),
(1984, 4, 'E_MEMBERS_NOUSER', 'L''e-mail et/ou le pseudonyme que vous avez tap&amp;#233; n''existe pas dans notre base de donn&amp;#233;es.'),
(1985, 4, 'E_MEMBERS_PSWD_RESET', 'Un e-mail avec votre nouveau mot de passe vient de vous &amp;#234;tre envoy&amp;#233;.'),
(1986, 4, 'E_NOCHANNELS', 'Aucune cha&amp;#238;ne t&amp;#233;l&amp;#233;vis&amp;#233;e n''a &amp;#233;t&amp;#233; trouv&amp;#233;e.'),
(1987, 4, 'E_NOVIDEOS', 'Aucune vid&amp;#233;o n''a &amp;#233;t&amp;#233; trouv&amp;#233;e.'),
(1988, 4, 'E_PLAYLIST_TITLE', 'Veuillez s''il-vous-pla&amp;#238;t &amp;#233;crire un titre pour votre nouvelle liste.'),
(1989, 4, 'E_REPORT_COMMENT', 'Ce commentaire vient d''&amp;#234;tre report&amp;#233; et sera r&amp;#233;vis&amp;#233;. Merci de votre coop&amp;#233;ration.'),
(1990, 4, 'E_REPORT_VIDEO', 'Ce commentaire vient d''&amp;#234;tre report&amp;#233; et sera r&amp;#233;vis&amp;#233;. Merci de votre coop&amp;#233;ration.'),
(1991, 4, 'E_SIGNUP_CODE', 'Le mot de passe que vous venez de taper n''est pas bon. Veuillez r&amp;#233;essayer.'),
(1992, 4, 'E_SIGNUP_EMAIL', 'Mauvaise e-mail adresse !'),
(1993, 4, 'E_SIGNUP_EXISTS', 'Le pseudonyme est d&amp;#233;j&amp;#224; utilise'),
(1994, 4, 'E_SIGNUP_MATCH_PSWD', 'Les mots de passe de sont pas identiques'),
(1995, 4, 'E_SIGNUP_PASSWORD', 'Mauvais mot de passe ! Votre mot de passe doit contenir au moins  5 caract&amp;#232;res et ne peut contenir que des caract&amp;#232;re alphanum&amp;#233;rique et quelques caract&amp;#232;res sp&amp;#233;ciaux : !@#$%^&amp;amp;*()_- ='),
(1996, 4, 'E_SIGNUP_USERNAME', 'Mauvais pseudonyme ! Votre pseudonyme doit contenir  au moins 3 caract&amp;#232;res et ne peut contenir que des caract&amp;#232;re alphanum&amp;#233;rique et quelques caract&amp;#232;res sp&amp;#233;ciaux? : !@#$%^&amp;amp;*()_- ='),
(1997, 4, 'E_SS_CHANNEL', 'La cha&amp;#238;ne t&amp;#233;l&amp;#233;vis&amp;#233;e que vous avez tape n?'),
(1998, 4, 'E_SS_DUPLICATE', 'Vous &amp;#234;tes abonne a cette  cha&amp;#238;ne t&amp;#233;l&amp;#233;vis&amp;#233;e.'),
(1999, 4, 'E_SUSPENDED_VIDEO', 'Cette vid&amp;#233;o a &amp;#233;t&amp;#233; enlev&amp;#233;e ou n?'),
(2000, 4, 'E_UPLOAD', 'Une erreur s?'),
(2001, 4, 'E_UPLOAD_DESCRIPTION', 'Veuillez s''il-vous-pla&amp;#238;t donner une description pour votre video.'),
(2002, 4, 'E_UPLOAD_FILE', 'Veuillez s?'),
(2003, 4, 'E_UPLOAD_TAGS', 'Veuillez s''il-vous-pla&amp;#238;t donner des mots cl&amp;#233;s pour votre vid&amp;#233;o.'),
(2004, 4, 'E_UPLOAD_TITLE', '? Veuillez s?'),
(2005, 4, 'M_CHANNEL_DESC', 'Tapez une description compl&amp;#232;te pour votre cha&amp;#238;ne t&amp;#233;l&amp;#233;vis&amp;#233;e'),
(2006, 4, 'M_CHANNEL_IMAGE', 'Vous pouvez t&amp;#233;l&amp;#233;charger une image pour votre cha&amp;#238;ne t&amp;#233;l&amp;#233;vis&amp;#233;e  (optionnel)'),
(2007, 4, 'M_CHANNEL_SHORTDESC', 'D&amp;#233;crivez votre cha&amp;#238;ne t&amp;#233;l&amp;#233;vis&amp;#233;e en quelques mots'),
(2008, 4, 'M_CHANNEL_THUMB', 'S&amp;#233;lectionnez une de vos videos pour qu''elle soit montr&amp;#233;e en tant que votre cha&amp;#238;ne t&amp;#233;l&amp;#233;vis&amp;#233;e'),
(2009, 4, 'M_EMAIL', 'Veuillez s''il-vous-pla&amp;#238;t sp&amp;#233;cifier une adresse e-mail valide'),
(2010, 4, 'M_FIRST_COMMENT', 'Soyez le premier a &amp;#233;crire un commentaire !'),
(2011, 4, 'M_LINKTO_SUBSCRIPTIONS', '&lt;a href=&quot;index.php?m=users.subscriptions&quot;&gt;&lt;b&gt;Click here&lt;/b&gt;&lt;/a&gt; pour voir vos abonnements'),
(2012, 4, 'M_NOPENDING', 'Vous n''avez aucune video en attente.'),
(2013, 4, 'M_NO_SUBSCRIPTIONS', 'Vous n''avez aucun abonnement. Allez sur &lt;a href=&quot;index.php?m=users.subscriptions&quot;&gt;&lt;b&gt;Mes Abonnements&lt;/b&gt;&lt;/a&gt; pour vous abonner a des vid&amp;#233;os.'),
(2014, 4, 'M_PASSWORD', 'Votre mot de passe doit contenir au moins 5 caract&amp;#232;res et ne peut contenir que des caract&amp;#232;re alphanum&amp;#233;rique et quelques caract&amp;#232;res sp&amp;#233;ciaux : !@#$%^&amp;amp;*()_- ='),
(2015, 4, 'M_PLTITLE', 'Veuillez s''il-vous-pla&amp;#238;t donner une description pour votre nouvelle liste.'),
(2016, 4, 'M_RATING_THANKS', 'Merci d''avoir vot&amp;#233;? !'),
(2017, 4, 'T_REMOVE_PL', 'Etes-vous s&amp;#251;r de vouloir supprimer cette liste ?'),
(2018, 4, 'M_REMOVE_VIDEOS', 'Etes-vous s&amp;#251;r de vouloir supprimer la vid&amp;#233;o selectionn&amp;#233;e ?'),
(2019, 4, 'M_RESETPWD', 'Veuillez entrer votre pseudonyme et votre e-mail adresse pour r&amp;#233;initialiser votre mot de passe. Le nouveau mot de passe sera envoy&amp;#233; a votre e-mail adresse.'),
(2020, 4, 'M_SECURITY_CODE', 'Entrez le code ci-dessous'),
(2021, 4, 'M_SELECTPL', 'S&amp;#233;lectionnez une liste.'),
(2022, 4, 'M_SIGNIN_COMMENT', '&lt;a href=&quot;index.php?m=users.myvideos&quot;&gt;&lt;b&gt;Connectez-vous&lt;/b&gt;&lt;/a&gt; pour poster un commentaire.&quot;'),
(2023, 4, 'M_SIGNUP_THANKS', 'Merci ! Un e-mail vient de vous &amp;#234;tre envoy&amp;#233; &amp;#224; l''e-mail adresse que vous nous avez fourni. Vous pouvez maintenant vous connecter.'),
(2024, 4, 'M_SUBSCRIBETO_TAGS', 'Entrez les mots cl&amp;#233;s auxquels vous voulez vous abonner :'),
(2025, 4, 'M_SUBSCRIBETO_USERNAME', 'Entrez le pseudonyme auquel vous voulez vous abonner :'),
(2026, 4, 'M_UNSUBSCRIBE', '&amp;#234;tes-vous s&amp;#251;r de vouloir vous d&amp;#233;sabonner de cette cha&amp;#238;ne t&amp;#233;l&amp;#233;vis&amp;#233;e'),
(2027, 4, 'M_UPLOAD_FILE', 'S&amp;#233;lectionnez un fichier &amp;#224; t&amp;#233;l&amp;#233;charger. Veuillez noter qu''il y a certains r&amp;#232;glements sur les fichiers que vous pouvez t&amp;#233;l&amp;#233;charger : &lt;ul&gt; &lt;li&gt;Taille maximum du fichier: &lt;#max_upload_size_mb/&gt; MB&lt;/li&gt; &lt;li&gt;Extensions autoris&amp;#233;es : &lt;#upload_types/&gt;&lt;/li&gt; &lt;/ul&gt;'),
(2028, 4, 'M_UPLOAD_SUCCESS', 'Merci ! La vid&amp;#233;o va &amp;#234;tre r&amp;#233;vis&amp;#233;e par le propri&amp;#233;taire du site et sera publi&amp;#233;e des que possible. Vous pouvez trouver vos vid&amp;#233;os sur :  &lt;a  href=&quot;index.php?m=users.myvideos&quot;&gt;Mes Vid&amp;#233;os&lt;/a&gt; .'),
(2029, 4, 'M_USERNAME', 'Votre pseudonyme doit contenir  au moins 3 caract&amp;#232;res et ne peut contenir que des caract&amp;#232;re alphanum&amp;#233;rique et quelques caract&amp;#232;res sp&amp;#233;ciaux : !@#$%^&amp;amp;*()_- ='),
(2030, 4, 'M_VIDEO_CAT', 'S&amp;#233;lectionnez la cat&amp;#233;gorie &amp;#224; laquelle votre vid&amp;#233;o appartient.'),
(2031, 4, 'M_VIDEO_DESC', 'Tapez la description enti&amp;#232;re de votre vid&amp;#233;o.'),
(2032, 4, 'M_VIDEO_TAGS', 'Tapez quelques mots cl&amp;#233;s pour votre vid&amp;#233;o.'),
(2033, 4, 'M_VIDEO_TITLE', 'Tapez un titre court pour d&amp;#233;crire votre vid&amp;#233;o.'),
(2034, 4, 'T_ABOUT', 'A propos'),
(2035, 4, 'T_ACCOUNT', 'Mon Compte'),
(2036, 4, 'T_ADD', 'Ajouter'),
(2037, 4, 'T_ADDED', 'Ajout&amp;#233;e'),
(2038, 4, 'T_ADDTO_PL', 'Ajouter &amp;#224; votre liste'),
(2039, 4, 'T_ADD_FAV', 'Ajouter &amp;#224; vos pr&amp;#233;f&amp;#233;r&amp;#233;es'),
(2040, 4, 'T_AVG', 'Moyenne'),
(2041, 4, 'T_AWESOME', 'Super'),
(2042, 4, 'T_CAT', 'Cat&amp;#233;gorie'),
(2043, 4, 'T_CATS', 'Cat&amp;#233;gories'),
(2044, 4, 'T_CHANNEL', 'Cha&amp;#238;ne'),
(2045, 4, 'T_CHANNELS', 'Cha&amp;#238;nes'),
(2046, 4, 'T_CHANNEL_LINK', 'Lien pour votre cha&amp;#238;ne t&amp;#233;l&amp;#233;vis&amp;#233;e'),
(2047, 4, 'T_CLOSE', 'Fermer'),
(2048, 4, 'T_COMMENTS', 'Commentaires'),
(2049, 4, 'T_CONTINUE', 'Continuer'),
(2050, 4, 'T_CREATEPL', 'Cr&amp;#233;er Une Liste'),
(2051, 4, 'T_DATEADDED', 'Date ajout&amp;#233;e'),
(2052, 4, 'T_DAYSAGO', 'Il y a &lt;#d/&gt; jours'),
(2053, 4, 'T_DESC', 'Description'),
(2054, 4, 'T_DURATION', 'Dur&amp;#233;e'),
(2055, 4, 'T_EMAIL', 'E-mail'),
(2056, 4, 'T_EMBED', 'Mettez cette vid&amp;#233;o sur votre site internet'),
(2057, 4, 'T_EXAMPLE', 'Par exemple'),
(2058, 4, 'T_FEATURED', 'Meilleures Vid&amp;#233;os'),
(2059, 4, 'T_FORGOTPWD', 'Mot de passe oubli&amp;#233; ?'),
(2060, 4, 'T_FROM', 'de'),
(2061, 4, 'T_GO', 'Allez'),
(2062, 4, 'T_GOOD', 'Bonne'),
(2063, 4, 'T_HOME', 'Acceuil'),
(2064, 4, 'T_LATEST', 'Derni&amp;#232;re'),
(2065, 4, 'T_LATEST_VIDEOS', 'Derni&amp;#232;re Vid&amp;#233;os'),
(2066, 4, 'T_MONTHAGO', 'Il y a 1 mois'),
(2067, 4, 'T_MONTHSAGO', 'Il y a &lt;#d/&gt; mois'),
(2068, 4, 'T_MOSTVIEWED_VIDEOS', 'Vid&amp;#233;os Les Plus Vues'),
(2069, 4, 'T_MOST_VIEWED', 'Les Plus Vues'),
(2070, 4, 'T_MYCHANNEL', 'Ma Cha&amp;#238;ne T&amp;#233;l&amp;#233;vis&amp;#233;e'),
(2071, 4, 'T_MYFAVORITES', 'Mes Pr&amp;#233;f&amp;#233;r&amp;#233;es'),
(2072, 4, 'T_MYPLAYLISTS', 'Mes Listes'),
(2073, 4, 'T_MYSUBSCRIPTIONS', 'Mes abonnements'),
(2074, 4, 'T_NEWPL', 'Nouvelle Liste'),
(2075, 4, 'T_NEWVIDEOS', 'Nouvelles vid&amp;#233;os'),
(2076, 4, 'T_NEXT', 'Suivant'),
(2077, 4, 'T_NONMEMBER', 'Vous n''&amp;#234;tes pas encore membre ?'),
(2078, 4, 'M_NOUPLOADS', 'Vous n''avez toujours pas t&amp;#233;l&amp;#233;charg&amp;#233; de vid&amp;#233;os ou les vid&amp;#233;os sont en attente d''&amp;#234;tre approuv&amp;#233;es.'),
(2079, 4, 'T_NOWPLAYING', 'En train d''&amp;#234;tre vue'),
(2080, 4, 'T_NS', 'Rien de sp&amp;#233;cial'),
(2081, 4, 'T_OTHER', 'Les autres vid&amp;#233;os de cet utilisateur'),
(2082, 4, 'T_PASSWORD', 'Mot de passe'),
(2083, 4, 'T_PENDING', 'Vid&amp;#233;os en attente'),
(2084, 4, 'T_PLAY', 'Lecture'),
(2085, 4, 'T_PLAYLIST', 'Liste'),
(2086, 4, 'M_PLDESC', 'D&amp;#233;crivez la liste et les vid&amp;#233;os a &amp;#234;tre ajout&amp;#233;s'),
(2087, 4, 'T_POOR', 'nulle'),
(2088, 4, 'T_POST', 'poster'),
(2089, 4, 'T_POSTCOMMENT', 'Poster un commentaire'),
(2090, 4, 'T_PREV', 'Retour'),
(2091, 4, 'T_RATE_VIDEO', 'Votez pour cette vid&amp;#233;o'),
(2092, 4, 'T_RATINGS', 'Votes'),
(2093, 4, 'T_REARRANGE', 'R&amp;#233;arranger'),
(2094, 4, 'T_RELATED', 'Vid&amp;#233;os sur le m&amp;#234;me sujet'),
(2095, 4, 'T_REMOVE', 'Effacer'),
(2096, 4, 'T_REMOVE_SELECTED', 'Effacer la s&amp;#233;lection'),
(2097, 4, 'T_REPORTCOMMENT', 'Reporter un commentaire'),
(2098, 4, 'T_REPORT_VIDEO', 'Reporter une video'),
(2099, 4, 'T_RESETPWD', 'R&amp;#233;initialiser le mot de passe'),
(2100, 4, 'T_RPASSWORD', 'R&amp;#233;p&amp;#233;ter le mot de passe'),
(2101, 4, 'T_SAVE', 'Sauvegarder'),
(2102, 4, 'T_SAVEACCOUNT', 'Sauvegarder le profile'),
(2103, 4, 'T_SAVECHANNEL', 'Sauvegarder la cha&amp;#238;ne t&amp;#233;l&amp;#233;vis&amp;#233;e'),
(2104, 4, 'T_SEARCH', 'Recherche'),
(2105, 4, 'T_SEARCH_RES', 'R&amp;#233;sultats de la recherche'),
(2106, 4, 'T_SECURITY_CODE', 'Code de s&amp;#233;curit&amp;#233;'),
(2107, 4, 'T_SELTHUMB', 'S&amp;#233;lectionner un endroit'),
(2108, 4, 'T_SHORTDESC', 'Courte description'),
(2109, 4, 'T_SIGNIN', 'Se connecter'),
(2110, 4, 'T_SIGNOUT', 'Se d&amp;#233;connecter'),
(2111, 4, 'T_SIGNUP', 'S''enregistrer'),
(2112, 4, 'T_SIGNUP_THANKS', 'Merci de vous &amp;#234;tre enregistr&amp;#233;'),
(2113, 4, 'T_SORTBY', 'Trier par'),
(2114, 4, 'T_SUBSCRIBE', 'S''abonner'),
(2115, 4, 'T_SUBSCRIBETO_USER', 'S''abonner a cet utilisateur'),
(2116, 4, 'T_SUBSCRIPTIONS', 'Abonnements'),
(2117, 4, 'T_TAGS', 'Mot cl&amp;#233;s'),
(2118, 4, 'T_TITLE', 'Titre'),
(2119, 4, 'T_TODAY', 'Aujourd''hui'),
(2120, 4, 'T_TOPRATED', 'Meilleur classement'),
(2121, 4, 'T_TOPRATED_VIDEOS', 'Vid&amp;#233;os les mieux class&amp;#233;es'),
(2122, 4, 'T_TOP_CHANNEL_VIDEOS', 'Les cha&amp;#238;nes t&amp;#233;l&amp;#233;vis&amp;#233;es les plus recherch&amp;#233;es'),
(2123, 4, 'T_TOP_SEARCH_VIDEOS', 'Les videos les plus recherch&amp;#233;es'),
(2124, 4, 'T_UNSUBSCRIBE', 'D&amp;#233;sabonnement'),
(2125, 4, 'T_UPLOAD', 'T&amp;#233;l&amp;#233;charger'),
(2126, 4, 'T_UPLOAD_IMAGE', 'T&amp;#233;l&amp;#233;charger une image'),
(2127, 4, 'T_UPLOAD_STEP1', 'T&amp;#233;l&amp;#233;charger une vid&amp;#233;o - &amp;#233;tape 1'),
(2128, 4, 'T_UPLOAD_STEP2', 'T&amp;#233;l&amp;#233;charger une vid&amp;#233;o - &amp;#233;tape 2'),
(2129, 4, 'T_UPLOAD_SUCCESS', 'T&amp;#233;l&amp;#233;chargement r&amp;#233;ussi'),
(2130, 4, 'T_USERNAME', 'Pseudonyme'),
(2131, 4, 'T_VIDEO', 'Vid&amp;#233;o'),
(2132, 4, 'T_VIDEOS', 'Vid&amp;#233;os'),
(2133, 4, 'T_VIEWALL', 'Tout voir'),
(2134, 4, 'T_VIEWS', 'Vues'),
(2135, 4, 'T_WEEKAGO', 'Il y a 1 semaine'),
(2136, 4, 'T_WEEKSAGO', 'Il y a &lt;#d/&gt; semaines'),
(2137, 4, 'T_YEARAGO', 'Il y a &lt;#n/&gt; an'),
(2138, 4, 'T_YEARSAGO', 'Il y a &lt;#d/&gt; ans'),
(2139, 4, 'T_YESTERDAY', 'Hier'),
(2140, 4, 'T_MYVIDEOS', 'Mes Vid&eacute;os'),
(2142, 2, 'EMAIL_RESET_PASSWORD', 'Dein Passwort bei &lt;#site/&gt; ist zur&amp;#252;ckgesetzt. Deine neuen Login-Details sind:\r\n&lt;br /&gt;\r\n&lt;br /&gt;\r\nBenutzername: &lt;#username/&gt; &lt;br /&gt;Passwort: &lt;#password/&gt;&lt;br /&gt;\r\n&lt;br /&gt;\r\n&lt;br /&gt;\r\nDu kannst dich jetzt hier &lt;#url/&gt;/index.php?m=users.account einloggen und das Passwort wechseln.'),
(2143, 2, 'EMAIL_SIGNUP', 'Danke f&amp;#252;r die Anmeldung auf &lt;#site/&gt;. Deine Login-Details sind: \r\n&lt;br /&gt;\r\n&lt;br /&gt;\r\nBenutzername: &lt;#username/&gt; &lt;br /&gt;\r\nPasswort: &lt;#password/&gt;&lt;br /&gt;\r\n&lt;br /&gt;\r\n&lt;br /&gt;\r\nDu kannst dich jetzt hier &lt;#url/&gt; einloggen.'),
(2144, 2, 'E_ACCESS_DENIED', 'Zugriff verweigert! Du hast keine Berechtigung diese Seite zu betreten. Erw&amp;#228;ge ein Update.'),
(2145, 2, 'E_FAV_ADDED', 'Dieses Video wurde zu deinen Favoriten/deiner Playlist hinzugef&amp;#252;gt.'),
(2146, 2, 'E_FAV_DUPLICATE', 'Du hast dieses Video bereits in deinen Favoriten/deiner Playlist.'),
(2147, 2, 'E_FAV_SIGNIN', 'Bitte log dich ein, um dieses Video zu deinen Favoriten hinzuzuf&amp;#252;gen'),
(2148, 2, 'E_FEATURE_DISABLED', 'Diese Funktion ist gesperrt'),
(2149, 2, 'E_LOGIN', 'Falscher Benutzername oder falsches Passwort!'),
(2150, 2, 'E_MEMBERS_NOUSER', 'Diese Email und/oder Benutzername existiert nicht in unserer Datenbank.'),
(2151, 2, 'E_MEMBERS_PSWD_RESET', 'Eine Email mit deinem neuen Passwort wurde gesendet.'),
(2152, 2, 'E_NOCHANNELS', 'Keine Kan&amp;#228;le gefunden.'),
(2153, 2, 'E_NOVIDEOS', 'Keine Videos gefunden.'),
(2154, 2, 'E_PLAYLIST_TITLE', 'Bitte gib einen Titel f&amp;#252;r die neue Playlist ein.'),
(2155, 2, 'E_REPORT_COMMENT', 'Dieser Kommentar wurde gemeldet und wird gepr&amp;#252;ft. Danke f&amp;#252;r deine Mitarbeit.'),
(2156, 2, 'E_REPORT_VIDEO', 'Dieses Video wurde gemeldet und wird gepr&amp;#252;ft. Danke f&amp;#252;r deine Mitarbeit'),
(2157, 2, 'E_SIGNUP_CODE', 'Der eingegebene Code ist falsch. Bitte versuch es noch mal.'),
(2158, 2, 'E_SIGNUP_EMAIL', 'Schlechte E-Mail-Adresse!'),
(2159, 2, 'E_SIGNUP_EXISTS', 'Dieser Benutzername ist schon vergeben.'),
(2160, 2, 'E_SIGNUP_MATCH_PSWD', 'Die Passw&amp;#246;rter stimmen nicht &amp;#252;berein!'),
(2161, 2, 'E_SIGNUP_PASSWORD', 'Schlechtes Passwort! Dein Passwort muss mindestens 5 Zeichen lang sein und kann nur alphanumerische Zeichen und spezielle Zeichen: !@#$%^&amp;amp;*()_- = beinhalten.'),
(2162, 2, 'E_SIGNUP_USERNAME', 'Schlechter Benutzername! Dein Benutzername muss mindestens 3 Zeichen lang sein und kann nur alphanumerische Zeichen und spezielle Zeichen: !@#$%^&amp;amp;*()_- = beinhalten.'),
(2163, 2, 'E_SS_CHANNEL', 'Den Kanal den du eingegeben hast existiert nicht. Bitte versuch es noch mal.'),
(2164, 2, 'E_SS_DUPLICATE', 'Du hast diesen Kanal abonniert.'),
(2165, 2, 'E_SUSPENDED_VIDEO', 'Dieses Video wurde gesperrt oder ist noch nicht zugelassen.'),
(2166, 2, 'E_UPLOAD', 'Fehler w&amp;#228;hrend des Uploads. Kontrollier ob die Datei nicht gegen die Regeln versto&amp;#223;t.'),
(2167, 2, 'E_UPLOAD_DESCRIPTION', 'Bitte gib eine Beschreibung f&amp;#252;r das Video ein.'),
(2168, 2, 'E_UPLOAD_FILE', 'Bitte gib eine Video-Datei zum Upload an.'),
(2169, 2, 'E_UPLOAD_TAGS', 'Bitte gib ein paar Tags an, die zu deinem Video passen.'),
(2170, 2, 'E_UPLOAD_TITLE', 'Bitte gib ein Titel f&amp;#252;r dein Video an.'),
(2171, 2, 'M_CHANNEL_DESC', 'Bitte gib eine volle Beschreibung des Kanal an.'),
(2172, 2, 'M_CHANNEL_IMAGE', 'Du kannst ein Bild uploaden das dann auf der Kanal-Seite angezeigt wird.'),
(2173, 2, 'M_CHANNEL_SHORTDESC', 'Beschreibe deinen Kanal in wenigen Worten.'),
(2174, 2, 'M_CHANNEL_THUMB', 'W&amp;#228;hle ein Vorschaubild eines deiner Videos um das als Vorschaubild f&amp;#252;r deinen Kanal anzeigen zu lassen.'),
(2175, 2, 'M_EMAIL', 'Bitte gib eine g&amp;#252;ltige E-Mail-Adresse an.'),
(2176, 2, 'M_FIRST_COMMENT', 'Sei der erste der ein Kommentar absendet!'),
(2177, 2, 'M_LINKTO_SUBSCRIPTIONS', '&lt;a href=&quot;index.php?m=users.subscriptions&quot;&gt;&lt;b&gt;Klick hier&lt;/b&gt;&lt;/a&gt; um einen &amp;#252;berblick deiner Abonnements zu bekommen.'),
(2178, 2, 'M_NOPENDING', 'Du hast keine ausstehenden Videos.'),
(2179, 2, 'M_NO_SUBSCRIPTIONS', 'Du hast keine Abonnements. Geh zu &lt;a href=&quot;index.php?m=users.subscriptions&quot;&gt;&lt;b&gt;Meine Abonnements&lt;/b&gt;&lt;/a&gt; um Videos zu abonnieren. .'),
(2180, 2, 'M_PASSWORD', 'Dein Passwort muss mindestens 5 Zeichen lang sein und darf nur alphanumerische Zeichen und einige spezielle Zeichen: !@#$%^&amp;*()_- = beinhalten.'),
(2181, 2, 'M_PLTITLE', 'Gib einen Titel f&amp;#252;r die neue Playlist an'),
(2182, 2, 'M_RATING_THANKS', 'Danke f&amp;#252;r die Bewertung!'),
(2183, 2, 'T_REMOVE_PL', 'M&amp;#246;chtest du wirklich diese Playlist entfernen?'),
(2184, 2, 'M_REMOVE_VIDEOS', 'M&amp;#246;chtest du wirklich die ausgew&amp;#228;hlten Videos entfernen?'),
(2185, 2, 'M_RESETPWD', 'Gib dein Benutzername und deine E-Mail-Adresse ein um dein Passwort zur&amp;#252;ckzusetzen. Das neue Passwort wird an deine E-Mail gesendet.'),
(2186, 2, 'M_SECURITY_CODE', 'Gib den unten angegebenen Code ein.'),
(2187, 2, 'M_SELECTPL', 'W&amp;#228;hl eine Playlist aus.'),
(2188, 2, 'M_SIGNIN_COMMENT', '&lt;a href=&quot;index.php?m=users.myvideos&quot;&gt;&lt;b&gt;Log dich ein&lt;/b&gt;&lt;/a&gt; um ein Kommentar abzusenden.&quot;'),
(2189, 2, 'M_SIGNUP_THANKS', 'Danke dir! Eine E-Mail wurde an deine E-Mail-Adresse gesendet. Du kannst dich jetzt in dein Konto einloggen.'),
(2190, 2, 'M_SUBSCRIBETO_TAGS', 'Gib Tags ein, die du abonnieren willst:'),
(2191, 2, 'M_SUBSCRIBETO_USERNAME', 'Gib den Benutzername an, den du abonnieren willst:'),
(2192, 2, 'M_UNSUBSCRIBE', 'M&amp;#246;chtest du wirklich das Abonnement diesen Kanals stornieren.'),
(2193, 2, 'M_UPLOAD_FILE', 'W&amp;#228;hle eine Datei zum Upload aus. Bitte achte darauf das die folgende Restriktionen eingehalten werden: &lt;ul&gt; &lt;li&gt; Maximale Datei Gr&amp;#246;&amp;#223;e: &lt;#max_upload_size_mb/&gt; MB &lt;/li&gt; &lt;li&gt; Erlaubte Erweiterungen: &lt;#upload_types/&gt;&lt;/li&gt; &lt;/ul&gt;'),
(2194, 2, 'M_UPLOAD_SUCCESS', 'Danke dir! Die Video-Datei wird vom Administrator &amp;#252;berpr&amp;#252;ft und wird in K&amp;#252;rze ver&amp;#246;ffentlicht. Du kannst deine Videos auf &lt;a href=&quot;index.php?m=users.myvideos&quot;&gt;Meine Videos&lt;/a&gt; finden'),
(2195, 2, 'M_USERNAME', 'Dein Benutzername muss mindestens 3 Zeichen lang sein und darf nur alphanumerische Zeichen und einige spezielle Zeichen: !@#$%^&amp;*()_- = beinhalten.'),
(2196, 2, 'M_VIDEO_CAT', 'W&amp;#228;hle eine passende Kategorie f&amp;#252;r dein Video aus.'),
(2197, 2, 'M_VIDEO_DESC', 'Gib eine ausf&amp;#252;hrliche Beschreibung des Videos an.'),
(2198, 2, 'M_VIDEO_TAGS', 'Gib einige Stichw&amp;#246;rter die das Video beschreiben an.'),
(2199, 2, 'M_VIDEO_TITLE', 'Gib einen kurzen Titel an, um das Video zu beschreiben.'),
(2200, 2, 'T_ABOUT', '&Uuml;ber'),
(2201, 2, 'T_ACCOUNT', 'Mein Konto'),
(2202, 2, 'T_ADD', 'Hinzuf&amp;#252;gen'),
(2203, 2, 'T_ADDED', 'Hinzugef&amp;#252;gt'),
(2204, 2, 'T_ADDTO_PL', 'Zur Playlist hinzugef&amp;#252;gt'),
(2205, 2, 'T_ADD_FAV', 'Zu Favoriten hinzugef&amp;#252;gt'),
(2206, 2, 'T_AVG', 'Durchschnitt'),
(2207, 2, 'T_AWESOME', 'Toll'),
(2208, 2, 'T_CAT', 'Kategorie'),
(2209, 2, 'T_CATS', 'Kategorien'),
(2210, 2, 'T_CHANNEL', 'Kanal'),
(2211, 2, 'T_CHANNELS', 'Kan&amp;#228;le'),
(2212, 2, 'T_CHANNEL_LINK', 'Link zu deinem Kanal'),
(2213, 2, 'T_CLOSE', 'Schlie&amp;#223;en'),
(2214, 2, 'T_COMMENTS', 'Kommentare'),
(2215, 2, 'T_CONTINUE', 'Fortfahren'),
(2216, 2, 'T_CREATEPL', 'Playlist erstellen'),
(2217, 2, 'T_DATEADDED', 'Datum hinzugef&amp;#252;gt'),
(2218, 2, 'T_DAYSAGO', 'Vor &lt;#d/&gt; Tage'),
(2219, 2, 'T_DESC', 'Beschreibung'),
(2220, 2, 'T_DURATION', 'Dauer'),
(2221, 2, 'T_EMAIL', 'E-Mail'),
(2222, 2, 'T_EMBED', 'Setze dieses Video auf deine Webseite'),
(2223, 2, 'T_EXAMPLE', 'Zum Beispiel'),
(2224, 2, 'T_FEATURED', 'Featured Videos'),
(2225, 2, 'T_FORGOTPWD', 'Passwort vergessen?'),
(2226, 2, 'T_FROM', 'Von'),
(2227, 2, 'T_GO', 'Go'),
(2228, 2, 'T_GOOD', 'Gut'),
(2229, 2, 'T_HOME', 'Home'),
(2230, 2, 'T_LATEST', 'Aktuell'),
(2231, 2, 'T_LATEST_VIDEOS', 'Neueste Videos'),
(2232, 2, 'T_MONTHAGO', 'Vor 1 Monat'),
(2233, 2, 'T_MONTHSAGO', 'Vor &lt;#d/&gt; Monaten'),
(2234, 2, 'T_MOSTVIEWED_VIDEOS', 'Meistbesuchte Videos'),
(2235, 2, 'T_MOST_VIEWED', 'Meistbesucht'),
(2236, 2, 'T_MYCHANNEL', 'Mein Kanal'),
(2237, 2, 'T_MYFAVORITES', 'Meine Favoriten'),
(2238, 2, 'T_MYPLAYLISTS', 'Meine Playlist'),
(2239, 2, 'T_MYSUBSCRIPTIONS', 'Meine Abonnements'),
(2240, 2, 'T_NEWPL', 'Neue Playlist'),
(2241, 2, 'T_NEWVIDEOS', 'Neue Videos'),
(2242, 2, 'T_NEXT', 'N&amp;#228;chstes'),
(2243, 2, 'T_NONMEMBER', 'Noch kein Mitglied?'),
(2244, 2, 'M_NOUPLOADS', 'Du hast noch keine Videos hochgeladen oder die Videos warten noch auf Zulassung.'),
(2245, 2, 'T_NOWPLAYING', 'L&amp;#228;uft gerade'),
(2246, 2, 'T_NS', 'Nichts Spezielles'),
(2247, 2, 'T_OTHER', 'Andere Videos dieses Benutzers'),
(2248, 2, 'T_PASSWORD', 'Passwort'),
(2249, 2, 'T_PENDING', 'Anh&amp;#228;ngige Videos'),
(2250, 2, 'T_PLAY', 'Abspielen'),
(2251, 2, 'T_PLAYLIST', 'Playlist'),
(2252, 2, 'M_PLDESC', 'Beschreibe die Playlist und die Videos die noch hinzugef&amp;#252;gt werden.'),
(2253, 2, 'T_POOR', 'Mangelhaft'),
(2254, 2, 'T_POST', 'Absenden'),
(2255, 2, 'T_POSTCOMMENT', 'Kommentar absenden'),
(2256, 2, 'T_PREV', 'Zur&amp;#252;ck'),
(2257, 2, 'T_RATE_VIDEO', 'Bewerte dieses Video'),
(2258, 2, 'T_RATINGS', 'Bewertungen'),
(2259, 2, 'T_REARRANGE', 'Neu anordnen'),
(2260, 2, 'T_RELATED', '&amp;#196;hnliche Videos'),
(2261, 2, 'T_REMOVE', 'Entfernen'),
(2262, 2, 'T_REMOVE_SELECTED', 'Ausgew&amp;#228;hltes entfernen'),
(2263, 2, 'T_REPORTCOMMENT', 'Kommentar melden'),
(2264, 2, 'T_REPORT_VIDEO', 'Video melden'),
(2265, 2, 'T_RESETPWD', 'Passwort r&amp;#252;cksetzen'),
(2266, 2, 'T_RPASSWORD', 'Passwort wiederholen'),
(2267, 2, 'T_SAVE', 'Speichern'),
(2268, 2, 'T_SAVEACCOUNT', 'Konto speichern'),
(2269, 2, 'T_SAVECHANNEL', 'Kanal speichern'),
(2270, 2, 'T_SEARCH', 'Suche'),
(2271, 2, 'T_SEARCH_RES', 'Suchergebnis'),
(2272, 2, 'T_SECURITY_CODE', 'Sicherheitscode'),
(2273, 2, 'T_SELTHUMB', 'W&amp;#228;hle ein Vorschaubild aus'),
(2274, 2, 'T_SHORTDESC', 'Kurze Beschreibung'),
(2275, 2, 'T_SIGNIN', 'Log In'),
(2276, 2, 'T_SIGNOUT', 'Log Out'),
(2277, 2, 'T_SIGNUP', 'Anmeldung'),
(2278, 2, 'T_SIGNUP_THANKS', 'Danke f&amp;#252;r die Anmeldung'),
(2279, 2, 'T_SORTBY', 'Sortieren nach'),
(2280, 2, 'T_SUBSCRIBE', 'Abonnieren'),
(2281, 2, 'T_SUBSCRIBETO_USER', 'Diesen Benutzer abonnieren'),
(2282, 2, 'T_SUBSCRIPTIONS', 'Abonnement'),
(2283, 2, 'T_TAGS', 'Tags'),
(2284, 2, 'T_TITLE', 'Titel'),
(2285, 2, 'T_TODAY', 'Heute'),
(2286, 2, 'T_TOPRATED', 'Top bewertet'),
(2287, 2, 'T_TOPRATED_VIDEOS', 'Top bewertete Videos'),
(2288, 2, 'T_TOP_CHANNEL_VIDEOS', 'Top &lt;#channel/&gt; videos'),
(2289, 2, 'T_TOP_SEARCH_VIDEOS', 'Top ''&lt;#search/&gt;'' videos'),
(2290, 2, 'T_UNSUBSCRIBE', 'Abbestellen'),
(2291, 2, 'T_UPLOAD', 'Upload'),
(2292, 2, 'T_UPLOAD_IMAGE', 'Upload Bild'),
(2293, 2, 'T_UPLOAD_STEP1', 'Upload Video - Schritt 1'),
(2294, 2, 'T_UPLOAD_STEP2', 'Upload Video - Schritt 2'),
(2295, 2, 'T_UPLOAD_SUCCESS', 'Upload erfolgreich'),
(2296, 2, 'T_USERNAME', 'Benutzername'),
(2297, 2, 'T_VIDEO', 'Video'),
(2298, 2, 'T_VIDEOS', 'Videos'),
(2299, 2, 'T_VIEWALL', 'Alle betrachten'),
(2300, 2, 'T_VIEWS', 'Besuche'),
(2301, 2, 'T_WEEKAGO', 'Vor 1 Woche'),
(2302, 2, 'T_WEEKSAGO', 'Vor &lt;#d/&gt; Wochen'),
(2303, 2, 'T_YEARAGO', 'Vor &lt;#n/&gt; Jahr'),
(2304, 2, 'T_YEARSAGO', 'Vor &lt;#d/&gt; Jahren'),
(2305, 2, 'T_YESTERDAY', 'Gestern'),
(2306, 2, 'T_MYVIDEOS', 'Meine Videos'),
(2307, 1, 'M_WEBCAM', 'Or record a video from your webcam'),
(2308, 2, 'M_WEBCAM', ''),
(2309, 4, 'M_WEBCAM', ''),
(2311, 5, 'EMAIL_RESET_PASSWORD', 'Su contrase&amp;#241;a en &lt;#site/&gt; ha sido reiniciada. Sus nuevos datos de acceso son:\r\n&lt;br /&gt;\r\n&lt;br /&gt;\r\nUsuario &lt;#username/&gt; &lt;br /&gt;\r\nContrase&amp;#241;a: &lt;#password/&gt;&lt;br /&gt;\r\n&lt;br /&gt;\r\n&lt;br /&gt;\r\n Puede entrar y cambiar su contrase&amp;#241;a en &lt;#url/&gt;/index.php?m=users.account'),
(2312, 5, 'EMAIL_SIGNUP', 'Gracias por registrarse en &lt;#site/&gt;. Sus datos de acceso son:  \r\n&lt;br /&gt;\r\n&lt;br /&gt;\r\nUsuario &lt;#username/&gt; &lt;br /&gt;Contrase&amp;#241;a: &lt;#password/&gt;&lt;br /&gt;\r\n&lt;br /&gt;\r\n&lt;br /&gt;\r\nPuede acceder a su cuenta en &lt;#url/&gt;'),
(2313, 5, 'E_ACCESS_DENIED', '&amp;#161;Acceso denegado! No tiene los permisos suficientes para acceder a esta p&amp;#225;gina. Puede actualizar su cuenta a otra con mayores privilegios.'),
(2314, 5, 'E_FAV_ADDED', 'Este video se ha a&amp;#241;adido a sus favoritos/lista de reproducci&amp;#243;n'),
(2315, 5, 'E_FAV_DUPLICATE', 'Ya tiene este video en sus favoritos/lista de reproducci&amp;#243;n'),
(2316, 5, 'E_FAV_SIGNIN', 'Por favor, acceda a su cuenta para a&amp;#241;adir este video a sus favoritos'),
(2317, 5, 'E_FEATURE_DISABLED', 'Esta caracter&amp;#237;stica est&amp;#225; deshabilitada'),
(2318, 5, 'E_LOGIN', '&amp;#161;Nombre de usuario o contrase&amp;#241;a err&amp;#243;neos!'),
(2319, 5, 'E_MEMBERS_NOUSER', 'La direcci&amp;#243;n de correo electr&amp;#243;nico y/o el nombre de usuario que ha introducido no se encuentran en nuestra base de datos'),
(2320, 5, 'E_MEMBERS_PSWD_RESET', 'Le hemos enviado un correo electr&amp;#243;nico con la nueva contrase&amp;#241;a'),
(2321, 5, 'E_NOCHANNELS', 'No se ha encontrado ning&amp;#250;n canal'),
(2322, 5, 'E_NOVIDEOS', 'No se ha encontrado ning&amp;#250;n video'),
(2323, 5, 'E_PLAYLIST_TITLE', 'Por favor, P&amp;#243;ngale un nombre a la nueva lista de reproducci&amp;#243;n'),
(2324, 5, 'E_REPORT_COMMENT', 'Se ha informado sobre este comentario y ser&amp;#225; revisado. Gracias por su cooperaci&amp;#243;n'),
(2325, 5, 'E_REPORT_VIDEO', 'Se ha informado sobre este v&amp;#237;deo y ser&amp;#225; revisado. Gracias por su cooperaci&amp;#243;n'),
(2326, 5, 'E_SIGNUP_CODE', 'El c&amp;#243;digo que ha introducido es err&amp;#243;neo. Por favor, int&amp;#233;ntelo de nuevo'),
(2327, 5, 'E_SIGNUP_EMAIL', '&amp;#161;Direcci&amp;#243;n de correo electr&amp;#243;nico incorrecta!'),
(2328, 5, 'E_SIGNUP_EXISTS', 'El nombre de usuario ya est&amp;#225; en uso'),
(2329, 5, 'E_SIGNUP_MATCH_PSWD', 'Las contrase&amp;#241;as no coinciden'),
(2330, 5, 'E_SIGNUP_PASSWORD', '&amp;#161;Contrase&amp;#241;a incorrecta! Su contrase&amp;#241;a tiene que tener como m&amp;#237;nimo 5 caracteres y s&amp;#243;lo puede inlcuir caracteres alfanum&amp;#233;ricos adem&amp;#225;s algunos caracteres especiales: !@#$%^&amp;amp;*()_- ='),
(2331, 5, 'E_SIGNUP_USERNAME', '&amp;#161;Nombre de usuario incorrecto! Su nombre de usuario tiene que tener como m&amp;#237;nimo 3 caracteres y s&amp;#243;lo puede inlcuir caracteres alfanum&amp;#233;ricos y algunos caracteres especiales: !@#$%^&amp;amp;*()_- ='),
(2332, 5, 'E_SS_CHANNEL', 'El canal que busca no existe. Por favor, int&amp;#233;ntelo de nuevo'),
(2333, 5, 'E_SS_DUPLICATE', 'Se ha suscrito a este canal'),
(2334, 5, 'E_SUSPENDED_VIDEO', 'Este video ha sido suspendido o todav&amp;#237;a no ha sido aprobado'),
(2335, 5, 'E_UPLOAD', 'Ha habido un error al subir el fichero. Por favor, compruebe que su fichero no incumpla las normas que se especifican'),
(2336, 5, 'E_UPLOAD_DESCRIPTION', 'Por favor, describa su video'),
(2337, 5, 'E_UPLOAD_FILE', 'Por favor, seleccione un fichero de video para subir'),
(2338, 5, 'E_UPLOAD_TAGS', 'Por favor, incluya algunas etiquetas relacionadas con su video'),
(2339, 5, 'E_UPLOAD_TITLE', 'Por favor, d&amp;#233;le un t&amp;#237;tulo al v&amp;#237;deo'),
(2340, 5, 'M_CHANNEL_DESC', 'Escriba una descripci&amp;#243;n completa de su canal'),
(2341, 5, 'M_CHANNEL_IMAGE', 'Puede subir una imagen para que se muestre en la p&amp;#225;gina de su canal (opcional)'),
(2342, 5, 'M_CHANNEL_SHORTDESC', 'Describa el canal en pocas palabras'),
(2343, 5, 'M_CHANNEL_THUMB', 'Seleccione un thumbnail de uno de sus videos para mostrarlo como la imagen de su canal'),
(2344, 5, 'M_EMAIL', 'Por favor, indique una direcci&amp;#243;n de correo electr&amp;#243;nico v&amp;#225;lida'),
(2345, 5, 'M_FIRST_COMMENT', '&amp;#161;Sea el primero en escribir un comentario!'),
(2346, 5, 'M_LINKTO_SUBSCRIPTIONS', '&lt;a href=&quot;index.php?m=users.subscriptions&quot;&gt;&lt;b&gt;Haga clic aqu&amp;#237;&lt;/b&gt;&lt;/a&gt; para ver sus subscripciones'),
(2347, 5, 'M_NOPENDING', 'No tiene nig&amp;#250;n video pendiente'),
(2348, 5, 'M_NO_SUBSCRIPTIONS', 'No tiene ninguna subscripci&amp;#243;n. Vaya  a  &lt;a href=&quot;index.php?m=users.subscriptions&quot;&gt;&lt;b&gt;Mis Subscripciones&lt;/b&gt;&lt;/a&gt; para suscribirse a un video'),
(2349, 5, 'M_PASSWORD', 'Su contrase&amp;#241;a tiene que tener al menos 5 caracteres y s&amp;#243;lo puede incluir caracteres alfanum&amp;#233;ricos as&amp;#237; como algunos caracteres especiales:  !@#$%^&amp;*()_- ='),
(2350, 5, 'M_PLTITLE', 'Escriba un t&amp;#237;tulo para la nueva lista de reproducci&amp;#243;n'),
(2351, 5, 'M_RATING_THANKS', '&amp;#161;Gracias por su valoraci&amp;#243;n!'),
(2352, 5, 'T_REMOVE_PL', '&amp;#191;Est&amp;#225; seguro de que quiere eliminar esta lista de reproducci&amp;#243;n?'),
(2353, 5, 'M_REMOVE_VIDEOS', '&amp;#191;Est&amp;#225; seguro de que quiere eliminar los videos seleccionados?'),
(2354, 5, 'M_RESETPWD', 'Introduzca su nombre de usuario y direcci&amp;#243;n de correo electr&amp;#243;nico para reiniciar su contrase&amp;#241;a. Se le enviar&amp;#225; la nueva contrase&amp;#241;a a su correo'),
(2355, 5, 'M_SECURITY_CODE', 'Introduzca el c&amp;#243;digo que aparece abajo'),
(2356, 5, 'M_SELECTPL', 'Seleccione una lista de reproducci&amp;#243;n'),
(2357, 5, 'M_SIGNIN_COMMENT', '&lt;a href=&quot;index.php?m=users.myvideos&quot;&gt;&lt;b&gt;Acceda a su cuenta&lt;/b&gt;&lt;/a&gt; para escribir un comentario'),
(2358, 5, 'M_SIGNUP_THANKS', '&amp;#161;Gracias! Le hemos enviado un mensaje a la direcci&amp;#243;n de correo que nos ha proporcionado. Ya puede acceder a su cuenta.'),
(2359, 5, 'M_SUBSCRIBETO_TAGS', 'Introduzca las etiquetas a las que se quiere subscribir'),
(2360, 5, 'M_SUBSCRIBETO_USERNAME', 'Escriba el nombre de usuario al que se quiere subscribir'),
(2361, 5, 'M_UNSUBSCRIBE', '&amp;#191;Est&amp;#225;s seguro de que quiere abandonar su subscripci&amp;#243;n a este canal?'),
(2362, 5, 'M_UPLOAD_FILE', 'Seleccione un fichero para subir. Por favor, aseg&amp;#250;rese de que los ficheros que suba cumplan las siguientes restricciones: &lt;ul&gt;&lt;li&gt;Tama&amp;#241;o M&amp;#225;ximo del Fichero: &lt;#max_upload_size_mb/&gt; MB&lt;/li&gt;&lt;li&gt;Extensiones permitidas:&lt;#upload_types/&gt;&lt;/li&gt;&lt;/ul&gt;'),
(2363, 5, 'M_UPLOAD_SUCCESS', '&amp;#161;Gracias! El v&amp;#237;deo ser&amp;#225; revisado por el administrador de la web y se publicar&amp;#225; tan pronto como sea posible. Puede encontrar sus videos en &lt;a href=&quot;index.php?m=users.myvideos&quot;&gt;Mis Videos &lt;/a&gt;'),
(2364, 5, 'M_USERNAME', 'Su nombre de usuario tiene que tener un m&amp;#237;nimo de 3 caracteres y s&amp;#243;lo puede tener caracteres alfanum&amp;#233;ricos adem&amp;#225;s de algunos caracteres especiales: !@#$%^&amp;amp;*()_- ='),
(2365, 5, 'M_VIDEO_CAT', 'Seleccione la categor&amp;#237;a a la que cree que corresponde a este video'),
(2366, 5, 'M_VIDEO_DESC', 'Escriba una descripci&amp;#243;n completa del v&amp;#237;deo'),
(2367, 5, 'M_VIDEO_TAGS', 'Escriba unas cuantas palabras clave que describan su v&amp;#237;deo'),
(2368, 5, 'M_VIDEO_TITLE', 'Introduzca un t&amp;#237;tulo corto que describa su v&amp;#237;deo'),
(2369, 5, 'T_ABOUT', 'Sobre'),
(2370, 5, 'T_ACCOUNT', 'Mi cuenta'),
(2371, 5, 'T_ADD', 'A&amp;#241;adir'),
(2372, 5, 'T_ADDED', 'A&amp;#241;adido'),
(2373, 5, 'T_ADDTO_PL', 'A&amp;#241;adir a lista de reproducci&amp;#243;n'),
(2374, 5, 'T_ADD_FAV', 'A&amp;#241;adir a favoritos'),
(2375, 5, 'T_AVG', 'Media'),
(2376, 5, 'T_AWESOME', 'Incre&amp;#237;ble'),
(2377, 5, 'T_CAT', 'Categor&amp;#237;a'),
(2378, 5, 'T_CATS', 'Categor&amp;#237;as'),
(2379, 5, 'T_CHANNEL', 'Canal'),
(2380, 5, 'T_CHANNELS', 'Canales'),
(2381, 5, 'T_CHANNEL_LINK', 'Enlace a su canal'),
(2382, 5, 'T_CLOSE', 'Cerrar'),
(2383, 5, 'T_COMMENTS', 'Comentarios'),
(2384, 5, 'T_CONTINUE', 'Continuar'),
(2385, 5, 'T_CREATEPL', 'Crear Lista de Reproducci&amp;#243;n'),
(2386, 5, 'T_DATEADDED', 'Antig&amp;#252;edad'),
(2387, 5, 'T_DAYSAGO', 'Hace &lt;#d/&gt; d&amp;#237;as'),
(2388, 5, 'T_DESC', 'Descripci&amp;#243;n'),
(2389, 5, 'T_DURATION', 'Duraci&amp;#243;n'),
(2390, 5, 'T_EMAIL', 'Correo Electr&amp;#243;nico'),
(2391, 5, 'T_EMBED', 'Ponga este v&amp;#237;deo en su web'),
(2392, 5, 'T_EXAMPLE', 'Por ejemplo'),
(2393, 5, 'T_FEATURED', 'Videos destacados'),
(2394, 5, 'T_FORGOTPWD', '&amp;#191;Ha olvidado su contrase&amp;#241;a?'),
(2395, 5, 'T_FROM', 'De'),
(2396, 5, 'T_GO', 'Ir'),
(2397, 5, 'T_GOOD', 'Bien'),
(2398, 5, 'T_HOME', 'Inicio'),
(2399, 5, 'T_LATEST', 'Los m&amp;#225;s recientes'),
(2400, 5, 'T_LATEST_VIDEOS', 'Los &amp;#250;ltimos v&amp;#237;deos'),
(2401, 5, 'T_MONTHAGO', 'Hace un mes'),
(2402, 5, 'T_MONTHSAGO', 'Hace &lt;#d/&gt; meses'),
(2403, 5, 'T_MOSTVIEWED_VIDEOS', 'Los v&amp;#237;deos m&amp;#225;s vistos'),
(2404, 5, 'T_MOST_VIEWED', 'Los m&amp;#225;s vistos'),
(2405, 5, 'T_MYCHANNEL', 'Mi Canal'),
(2406, 5, 'T_MYFAVORITES', 'Mis Favoritos'),
(2407, 5, 'T_MYPLAYLISTS', 'Mis Listas de Reproducci&amp;#243;n'),
(2408, 5, 'T_MYSUBSCRIPTIONS', 'Mis Subscripciones'),
(2409, 5, 'T_NEWPL', 'Nueva Lista de Reproducci&amp;#243;n'),
(2410, 5, 'T_NEWVIDEOS', 'Nuevos V&amp;#237;deos'),
(2411, 5, 'T_NEXT', 'Siguiente'),
(2412, 5, 'T_NONMEMBER', '&amp;#191;Todav&amp;#237;a no se ha registrado?'),
(2413, 5, 'M_NOUPLOADS', 'No ha subido ning&amp;#250;n v&amp;#237;deo todav&amp;#237;a o los v&amp;#237;deos no han sido aprobados a&amp;#250;n.'),
(2414, 5, 'T_NOWPLAYING', 'En reproducci&amp;#243;n'),
(2415, 5, 'T_NS', 'Nada Especial'),
(2416, 5, 'T_OTHER', 'Otros v&amp;#237;deos del mismo usuario'),
(2417, 5, 'T_PASSWORD', 'Contrase&amp;#241;a'),
(2418, 5, 'T_PENDING', 'V&amp;#237;deos pendientes'),
(2419, 5, 'T_PLAY', 'Reproduccir'),
(2420, 5, 'T_PLAYLIST', 'Lista de Reproducci&amp;#243;n'),
(2421, 5, 'M_PLDESC', 'Describa la lista de reproducci&amp;#243;n y los v&amp;#237;deos que se a&amp;#241;adir&amp;#225;n a la misma'),
(2422, 5, 'T_POOR', 'Pobre'),
(2423, 5, 'T_POST', 'Escribir'),
(2424, 5, 'T_POSTCOMMENT', 'Escriba un comentario'),
(2425, 5, 'T_PREV', 'Anterior'),
(2426, 5, 'T_RATE_VIDEO', 'Valore este v&amp;#237;deo'),
(2427, 5, 'T_RATINGS', 'Puntuaciones'),
(2428, 5, 'T_REARRANGE', 'Reorganizar'),
(2429, 5, 'T_RELATED', 'V&amp;#237;deos relacionados'),
(2430, 5, 'T_REMOVE', 'Eliminar'),
(2431, 5, 'T_REMOVE_SELECTED', 'Eliminar los seleccionados'),
(2432, 5, 'T_REPORTCOMMENT', 'Informar sobre el comentario'),
(2433, 5, 'T_REPORT_VIDEO', 'Informar sobre el v&amp;#237;deo'),
(2434, 5, 'T_RESETPWD', 'Reiniciar contrase&amp;#241;a'),
(2435, 5, 'T_RPASSWORD', 'Repetir la contrase&amp;#241;a'),
(2436, 5, 'T_SAVE', 'Guardar'),
(2437, 5, 'T_SAVEACCOUNT', 'Guardar Cuenta'),
(2438, 5, 'T_SAVECHANNEL', 'Guardar Canal'),
(2439, 5, 'T_SEARCH', 'Buscar'),
(2440, 5, 'T_SEARCH_RES', 'Buscar Resultados'),
(2441, 5, 'T_SECURITY_CODE', 'C&amp;#243;digo de Seguridad'),
(2442, 5, 'T_SELTHUMB', 'Seleccionar un imagen (en miniatura)'),
(2443, 5, 'T_SHORTDESC', 'Descripci&amp;#243;n corta'),
(2444, 5, 'T_SIGNIN', 'Acceso'),
(2445, 5, 'T_SIGNOUT', 'Salir'),
(2446, 5, 'T_SIGNUP', 'Registrarse'),
(2447, 5, 'T_SIGNUP_THANKS', 'Gracias por registrarse'),
(2448, 5, 'T_SORTBY', 'Ordenado por'),
(2449, 5, 'T_SUBSCRIBE', 'Subscribirse'),
(2450, 5, 'T_SUBSCRIBETO_USER', 'Subscribirse a este usuario'),
(2451, 5, 'T_SUBSCRIPTIONS', 'Subscripciones'),
(2452, 5, 'T_TAGS', 'Etiquetas'),
(2453, 5, 'T_TITLE', 'T&amp;#237;tulo'),
(2454, 5, 'T_TODAY', 'Hoy'),
(2455, 5, 'T_TOPRATED', 'Los m&amp;#225;s votados'),
(2456, 5, 'T_TOPRATED_VIDEOS', 'Los v&amp;#237;deos m&amp;#225;s votados'),
(2457, 5, 'T_TOP_CHANNEL_VIDEOS', 'Los mejores v&amp;#237;deos de &lt;#channel/&gt;'),
(2458, 5, 'T_TOP_SEARCH_VIDEOS', 'Los mejores v&amp;#237;deos de ''&lt;#search/&gt;'''),
(2459, 5, 'T_UNSUBSCRIBE', 'Eliminar la subscripci&amp;#243;n'),
(2460, 5, 'T_UPLOAD', 'Subir'),
(2461, 5, 'T_UPLOAD_IMAGE', 'Subir imagen'),
(2462, 5, 'T_UPLOAD_STEP1', 'Subir v&amp;#237;deo - Paso 1'),
(2463, 5, 'T_UPLOAD_STEP2', 'Subir v&amp;#237;deo - Paso 2'),
(2464, 5, 'T_UPLOAD_SUCCESS', 'Subida con &amp;#233;xito'),
(2465, 5, 'T_USERNAME', 'Nombre de Usuario'),
(2466, 5, 'T_VIDEO', 'V&amp;#237;deo'),
(2467, 5, 'T_VIDEOS', 'V&amp;#237;deos'),
(2468, 5, 'T_VIEWALL', 'Ver Todos'),
(2469, 5, 'T_VIEWS', 'Visualizaciones'),
(2470, 5, 'T_WEEKAGO', 'Hace 1 semana'),
(2471, 5, 'T_WEEKSAGO', 'Hacer &lt;#d/&gt; semanas'),
(2472, 5, 'T_YEARAGO', 'Hace &lt;#n/&gt; a&amp;#241;o'),
(2473, 5, 'T_YEARSAGO', 'Hace &lt;#d/&gt; a&amp;#241;os'),
(2474, 5, 'T_YESTERDAY', 'Ayer'),
(2476, 5, 'T_MYVIDEOS', 'Mis Videos'),
(2477, 5, 'M_WEBCAM', '');

CREATE TABLE `menu` (
  `id` int(11) NOT NULL auto_increment,
  `parent_id` int(11) NOT NULL default '0',
  `title` varchar(255) NOT NULL default '',
  `url` varchar(255) NOT NULL default '',
  `header` enum('0','1') NOT NULL default '0',
  `footer` enum('0','1') NOT NULL default '0',
  `approved` enum('0','1') NOT NULL default '0',
  PRIMARY KEY  (`id`),
  KEY `parent_id` (`parent_id`)
)  AUTO_INCREMENT=16 ;

INSERT INTO `menu` (`id`, `parent_id`, `title`, `url`, `header`, `footer`, `approved`) VALUES
(1, 0, 'T_HOME', '', '1', '1', '1'),
(2, 0, 'T_VIDEOS', '/index.php?m=videos', '1', '1', '1'),
(3, 0, 'T_CATS', '/index.php?m=categories', '1', '1', '1'),
(4, 2, 'T_MOST_VIEWED', '/index.php?m=videos&sort=hits', '1', '', '1'),
(5, 1, 'T_MYVIDEOS', '/index.php?m=users.myvideos', '1', '', '1'),
(6, 0, 'T_UPLOAD', '/index.php?m=users.upload', '1', '1', '1'),
(7, 1, 'T_MYSUBSCRIPTIONS', '/index.php?m=users.subscriptions', '1', '', '1'),
(8, 0, 'T_CHANNELS', '/index.php?m=channels', '1', '', '1'),
(9, 1, 'T_MYFAVORITES', '/index.php?m=users.favorites', '1', '', '1'),
(10, 2, 'T_LATEST', '/index.php?m=videos&sort=tt', '1', '', '1'),
(11, 2, 'T_TOPRATED', '/index.php?m=videos&sort=rate', '1', '', '1'),
(12, 1, 'T_MYPLAYLISTS', '/index.php?m=users.playlists', '1', '', '1'),
(13, 0, 'T_ABOUT', '/index.php?m=page&p=about', '1', '', '1'),
(14, 1, 'T_ACCOUNT', '/index.php?m=users.account', '1', '', '1'),
(15, 1, 'T_MYCHANNEL', '/index.php?m=users.edit_channel', '1', '', '1');

CREATE TABLE `pages` (
  `id` varchar(255) NOT NULL default '',
  `title` varchar(255) NOT NULL default '',
  `text` longtext NOT NULL,
  PRIMARY KEY  (`id`)
) ;

INSERT INTO `pages` (`id`, `title`, `text`) VALUES
('about', 'About', '&lt;h1&gt;About Video CMS&lt;/h1&gt;\n&lt;p&gt;\nOnline videos are getting popular every day. It''s becoming a new medium of information exchange. Whether it''s a video blog, video tutorials, funny clips or home made videos. A great success of companies like YouTube, set the path for this new Internet trend.\n&lt;/p&gt;\n&lt;p&gt;\n&lt;b&gt;Video CMS &lt;/b&gt; gives you the opportunity to become a part of this trend. Whether you want to create your video blog, put your home videos online or create an online video sharing community, Video CMS is a tool for it all.\n&lt;/p&gt;\n&lt;p&gt;\nThe features include:\n&lt;ul&gt;\n&lt;li&gt;Video categories - organize your online videos to categories&lt;/li&gt;\n&lt;li&gt;Video tag system - tags set to videos make video organizing and searching easy&lt;/li&gt;\n&lt;li&gt;Video channels - every member uploaded video is assigned to a channel. Members can customize their channel pages.&lt;/li&gt;\n&lt;li&gt;Video subscriptions - members can subscribe to channels and video tags&lt;/li&gt;\n&lt;li&gt;Member playlists - members can build the playlists of their favorite videos&lt;/li&gt;\n&lt;li&gt;Favorite member videos - members can mark videos as favorites and easy access them any time&lt;/li&gt;\n&lt;li&gt;Commenting and rating videos&lt;/li&gt;\n&lt;li&gt;Uploading videos - a flash uploader used to handle file uploads is easy and convinient to upload large files&lt;/li&gt;\n&lt;li&gt;Automatic video conversion using ffmpeg - if you have ffmpeg installed, you can have the videos automatically converted to Flash Video format&lt;/li&gt;\n&lt;li&gt;FLV player - Flash Video player to play automatically converted videos or uploaded FLV videos. It also has an integrated similar video browser to keep your visitors busy even after the video stops playing&lt;/li&gt;\n&lt;li&gt;Flexible template engine makes the site customization as easy as possible&lt;/li&gt;\n&lt;li&gt;Customizable user interface lets you enable/disable certain features with a single click.&lt;/li&gt;\n&lt;li&gt;Easy to use, Ajax based administration panel enables you to manage the site easier than ever before.&lt;/li&gt;\n&lt;/ul&gt;\n&lt;/p&gt;\n&lt;p&gt;\nAnd that''s just a tiny bit of what Video CMS has to offer.\n&lt;/p&gt;\n&lt;p&gt;\nRequirements:\n&lt;ul&gt;\n&lt;li&gt;Apache 2.x  or equivalent web server&lt;/li&gt;\n&lt;li&gt;PHP 4.3.9  with GD Library&lt;/li&gt;\n&lt;li&gt;MySQL 4.1.12 &lt;/li&gt;\n&lt;li&gt;ffmpeg (optional)&lt;/li&gt;\n&lt;/ul&gt;\n&lt;/p&gt;\n&lt;p&gt;\nBuy Video CMS now for only $199 and get a free &lt;b&gt;6 month&lt;/b&gt; support and &lt;b&gt;free updates.&lt;/b&gt;\n&lt;/p&gt;'),
('home', '', '&lt;div class=&quot;left&quot;&gt;\r\n        &lt;#if username==&quot;&quot;/&gt;&lt;#else/&gt;\r\n	&lt;div class=&quot;left&quot;&gt;\r\n		&lt;div class=&quot;heading&quot;&gt;&lt;h2&gt;&lt;#T_MYSUBSCRIPTIONS/&gt;&lt;/h2&gt;&lt;/div&gt;\r\n		&lt;div class=&quot;box&quot; style=&quot;height:110px&quot;&gt;\r\n			&lt;div id=&quot;ajax_box&quot; class=&quot;left&quot;&gt;\r\n				&lt;#M_LINKTO_SUBSCRIPTIONS/&gt;\r\n				&lt;script type=&quot;text/javascript&quot;&gt;\r\n					get_url_contents(&quot;index.php?m=subscription_thumbs&amp;amp;start=0&quot;,&quot;ajax_box&quot;);\r\n				&lt;/script&gt;\r\n			&lt;/div&gt;\r\n			&lt;div class=&quot;brclear&quot;&gt;&lt;/div&gt;\r\n		&lt;/div&gt;\r\n		&lt;div class=&quot;bottom&quot;&gt;&lt;a class=&quot;pagenum&quot; href=&quot;index.php?m=users.subscriptions&quot;&gt;&lt;#T_VIEWALL/&gt;&lt;/a&gt;&lt;/div&gt;&lt;div class=&quot;hbotr&quot;&gt;&lt;/div&gt;\r\n	&lt;/div&gt;\r\n	&lt;div class=&quot;brclear&quot; style=&quot;width:570px;&quot;&gt;&lt;/div&gt;&lt;br /&gt;\r\n       &lt;#endif/&gt;\r\n\r\n	&lt;#featured_videos/&gt;\r\n \r\n&lt;/div&gt;\r\n&lt;div class=&quot;left&quot; style=&quot;margin-left:10px&quot;&gt;\r\n        &lt;style type=&quot;text/css&quot;&gt;\r\n           embed { width: 182px; height: 136px; }\r\n           object { width: 182px; height: 136px; }\r\n        &lt;/style&gt;\r\n        &lt;div id=&quot;player_wrap&quot; style=&quot;width: 182px; height: 136px;&quot;&gt;\r\n            &lt;#random_video/&gt;\r\n        &lt;/div&gt;\r\n       &lt;br /&gt;\r\n	&lt;#latest_videos/&gt;\r\n       &lt;br /&gt;\r\n       &lt;#top_videos/&gt;\r\n&lt;/div&gt;\r\n&lt;div class=&quot;brclear&quot;&gt;&lt;/div&gt;');

CREATE TABLE `page_elements` (
  `id` int(11) NOT NULL auto_increment,
  `pages_id` varchar(255) NOT NULL default '',
  `elements_id` varchar(255) NOT NULL default '',
  PRIMARY KEY  (`id`)
)  AUTO_INCREMENT=18 ;

INSERT INTO `page_elements` (`id`, `pages_id`, `elements_id`) VALUES
(9, 'home', 'featured_videos'),
(10, 'home', 'latest_videos'),
(11, 'home', 'top_videos'),
(17, 'home', 'random_video');

CREATE TABLE `permissions` (
  `id` int(11) NOT NULL auto_increment,
  `resource` varchar(255) NOT NULL default '',
  `level` int(11) NOT NULL default '0',
  PRIMARY KEY  (`id`)
)  AUTO_INCREMENT=10 ;

INSERT INTO `permissions` (`id`, `resource`, `level`) VALUES
(1, 'featured', 0),
(2, 'videos', 1),
(3, 'channels', 1),
(5, 'favorites', 1),
(6, 'playlists', 1),
(7, 'subscriptions', 1),
(8, 'comments', 1),
(9, 'upload', 2);

CREATE TABLE `players` (
  `id` int(11) NOT NULL auto_increment,
  `type` varchar(255) NOT NULL default '',
  `code` longtext NOT NULL,
  `embed` text NOT NULL,
  PRIMARY KEY  (`id`),
  KEY `type` (`type`)
)  AUTO_INCREMENT=5 ;

INSERT INTO `players` (`id`, `type`, `code`, `embed`) VALUES
(1, 'Flash Video Player', '&lt;object type=&quot;application/x-shockwave-flash&quot; \n  data=&quot;player.swf?video_id=&lt;#id/&gt;&amp;amp;p=&lt;#playlists_id/&gt;&amp;amp;next=&lt;#next_id/&gt;&amp;amp;base=&lt;#base/&gt;&amp;amp;autosize=0&quot; \n  width=&quot;450&quot; height=&quot;357&quot; id=&quot;VideoPlayback&quot;&gt;\n  &lt;param name=&quot;movie&quot; \n    value=&quot;player.swf?video_id=&lt;#id/&gt;&amp;amp;p=&lt;#playlists_id/&gt;&amp;amp;next=&lt;#next_id/&gt;&amp;amp;base=&lt;#base/&gt;&amp;amp;autosize=0&quot; /&gt;\n  &lt;param name=&quot;allowScriptAcess&quot; value=&quot;sameDomain&quot; /&gt;\n  &lt;param name=&quot;quality&quot; value=&quot;best&quot; /&gt;\n  &lt;param name=&quot;bgcolor&quot; value=&quot;#000000&quot; /&gt;\n  &lt;param name=&quot;scale&quot; value=&quot;noScale&quot; /&gt;\n  &lt;param name=&quot;salign&quot; value=&quot;TL&quot; /&gt;\n  &lt;param name=&quot;FlashVars&quot; value=&quot;playerMode=embedded&quot; /&gt;\n&lt;/object&gt;', '&lt;embed id=&quot;player&quot; width=&quot;450&quot; height=&quot;337&quot; quality=&quot;high&quot; bgcolor=&quot;#000000&quot; name=&quot;player&quot; style=&quot;&quot; src=&quot;&lt;#url/&gt;/player_embed.swf?video_id=&lt;#id/&gt;&amp;base=&lt;#base/&gt;&amp;autosize=0&quot; type=&quot;application/x-shockwave-flash&quot;/&gt;'),
(2, 'Windows Media Player', '&lt;object type=&quot;video/x-ms-wmv&quot; \n  data=&quot;&lt;#url/&gt;/index.php?m=filename&amp;amp;id=&lt;#id/&gt;&amp;amp;f=redir&quot; \n  width=&quot;450&quot; height=&quot;357&quot;&gt;\n  &lt;param name=&quot;src&quot; value=&quot;&lt;#url/&gt;/index.php?m=filename&amp;amp;id=&lt;#id/&gt;&amp;amp;f=redir&quot; /&gt;\n  &lt;param name=&quot;autostart&quot; value=&quot;true&quot; /&gt;\n  &lt;param name=&quot;controller&quot; value=&quot;true&quot; /&gt;\n&lt;/object&gt;', '&lt;object type=&quot;video/x-ms-wmv&quot; \n  data=&quot;&lt;#url/&gt;/index.php?m=filename&amp;amp;id=&lt;#id/&gt;&amp;amp;f=redir&quot; \n  width=&quot;450&quot; height=&quot;357&quot;&gt;\n  &lt;param name=&quot;src&quot; value=&quot;&lt;#url/&gt;/index.php?m=filename&amp;amp;id=&lt;#id/&gt;&amp;amp;f=redir&quot; /&gt;\n  &lt;param name=&quot;autostart&quot; value=&quot;true&quot; /&gt;\n  &lt;param name=&quot;controller&quot; value=&quot;true&quot; /&gt;\n&lt;/object&gt;'),
(4, 'QuickTime Player', '&lt;object classid=&quot;clsid:02BF25D5-8C17-4B23-BC80-D3488ABDDC6B&quot; \n  codebase=&quot;http://www.apple.com/qtactivex/qtplugin.cab&quot; \n  width=&quot;450&quot; height=&quot;357&quot;&gt;\n  &lt;param name=&quot;src&quot; \n    value=&quot;&lt;#url/&gt;index.php?m=filename&amp;amp;id=&lt;#id/&gt;&amp;amp;f=redir&quot; /&gt;\n  &lt;param name=&quot;controller&quot; value=&quot;true&quot; /&gt;\n  &lt;param name=&quot;autoplay&quot; value=&quot;false&quot; /&gt;\n  &lt;!--[if !IE]&gt;--&gt;\n  &lt;object type=&quot;video/quicktime&quot; \n    data=&quot;&lt;#url/&gt;/index.php?m=filename&amp;amp;id=&lt;#id/&gt;&amp;amp;f=redir&quot; \n    width=&quot;450&quot; height=&quot;357&quot;&gt;\n    &lt;param name=&quot;autoplay&quot; value=&quot;false&quot; /&gt;\n    &lt;param name=&quot;controller&quot; value=&quot;true&quot; /&gt;\n  &lt;/object&gt;\n  &lt;!--&lt;![endif]--&gt;\n&lt;/object&gt;', '&lt;object classid=&quot;clsid:02BF25D5-8C17-4B23-BC80-D3488ABDDC6B&quot; \n  codebase=&quot;http://www.apple.com/qtactivex/qtplugin.cab&quot; \n  width=&quot;450&quot; height=&quot;357&quot;&gt;\n  &lt;param name=&quot;src&quot; \n    value=&quot;&lt;#url/&gt;/index.php?m=filename&amp;amp;id=&lt;#id/&gt;&amp;amp;f=redir&quot; /&gt;\n  &lt;param name=&quot;controller&quot; value=&quot;true&quot; /&gt;\n  &lt;param name=&quot;autoplay&quot; value=&quot;false&quot; /&gt;\n  &lt;!--[if !IE]&gt;--&gt;\n  &lt;object type=&quot;video/quicktime&quot; \n    data=&quot;&lt;#url/&gt;/index.php?m=filename&amp;amp;id=&lt;#id/&gt;&amp;amp;f=redir&quot; \n    width=&quot;450&quot; height=&quot;357&quot;&gt;\n    &lt;param name=&quot;autoplay&quot; value=&quot;false&quot; /&gt;\n    &lt;param name=&quot;controller&quot; value=&quot;true&quot; /&gt;\n  &lt;/object&gt;\n  &lt;!--&lt;![endif]--&gt;\n&lt;/object&gt;');

CREATE TABLE `playlists` (
  `id` int(11) NOT NULL auto_increment,
  `username` varchar(255) NOT NULL default '',
  `title` varchar(255) NOT NULL default '',
  `description` varchar(255) NOT NULL default '',
  `public` enum('0','1') NOT NULL default '0',
  PRIMARY KEY  (`id`),
  KEY `username` (`username`)
)  AUTO_INCREMENT=1 ;

CREATE TABLE `ratings` (
  `id` int(11) NOT NULL auto_increment,
  `videos_id` int(11) NOT NULL default '0',
  `rate` int(11) NOT NULL default '0',
  PRIMARY KEY  (`id`),
  KEY `video_id` (`videos_id`)
)  AUTO_INCREMENT=1 ;

CREATE TABLE `settings` (
  `id` varchar(255) NOT NULL default '',
  `enum` varchar(255) NOT NULL default '',
  `value` varchar(255) NOT NULL default '0',
  `type` varchar(255) NOT NULL default '',
  `description` text NOT NULL,
  `ord` int(11) NOT NULL default '0',
  `group` varchar(255) NOT NULL default '',
  `function` varchar(255) NOT NULL default '',
  PRIMARY KEY  (`id`)
) ;

INSERT INTO `settings` (`id`, `enum`, `value`, `type`, `description`, `ord`, `group`, `function`) VALUES
('auto_approve', '', '', 'checkbox', 'Automatically approve member uploaded videos.', 15, 'Videos', ''),
('bad_words', '', 'fuck fucker sucker dickhead shit bitch penis porn ass asshole bastard', 'textarea', 'Enter the words to be censored in all public posts.', 18, 'Videos', ''),
('comments', '', '1', 'checkbox', 'Enable/disable video and channel comments. If you disable this feature, the members will not be able to post comments on videos and channels.', 6, 'Features', ''),
('conversion_queue', '', '', 'checkbox', 'Enable/Disable video conversion queue. This setting reduces server load on heavy traffic websites. NOTE: Make sure you have the conversion queue processor scheduled to run on your server. Check the documentation for more details.', 12, 'Video conversion', ''),
('default_language', 'EN,ES,DE,FR', 'EN', 'textfield', 'Select a default language', 0, '', ''),
('default_level', '', '0', 'textfield', 'Default membership level. This level will be automatically set to users during the sign up process.', 20, 'Membership', ''),
('embed', '', '1', 'checkbox', 'Enable/disable your visitors to embed videos on their sites.', 12, 'Videos', ''),
('favorites', '', '1', 'checkbox', 'Enable/disable favorite videos. If you disable this feature, the members will not be able to save their favorite videos.', 4, 'Features', ''),
('ffmpeg_ar', '8000,11025,22050,44100', '44100', 'textfield', 'ffmpeg audio conversion rate. Change this setting to tweak the audio quality of a converted video.', 9, 'Video conversion', ''),
('ffmpeg_bitrate', '50000,100000,200000,300000,400000,500000,600000,700000,800000,1000000,1300000,1700000,2000000,3000000', '200000', 'textfield', 'Bit rate of the converted videos.', 9, 'Video conversion', ''),
('ffmpeg_path', '', 'c:\\ffmpeg\\ffmpeg.exe', 'textfield', 'Path to ffmpeg. Clear this field to disable video conversion and keep the original format of the uploaded videos.', 7, 'Video conversion', 'TestFFmpeg'),
('ffmpeg_size', '128x96,320x240,480x360,640x480,800x600,1024x768', '320x240', 'textfield', 'Converted video frame size.', 8, 'Video conversion', ''),
('ffmpeg_thumbnail_size', '', '120x90', 'textfield', 'Size of the video thumbnails.', 10, 'Video conversion', ''),
('flash_uploader', '', '1', 'checkbox', 'Enable/disable upload progress indicator. Recommended for big file uploads.', 16, 'Uploading', ''),
('levels', '', '', 'checkbox', 'Enable the membership level system. Set the ''permissions'' field for users to allow/restrict member accessibility of certain features. Go to Permissions section to manage the permission levels.', 19, 'Membership', ''),
('license', '', '', 'idbox', 'Press the button above to synchronize your license information with CodeMight.com server.', 0, 'License', 'CheckLicense'),
('logo', '', 'logo.jpg', 'textfield', 'Logo image to be displayed in the Flash Video player.', 11, 'Flash player', ''),
('max_upload_size', '', '2M', 'textfield', 'Maximal video file size (in bytes) allowed to upload.', 14, 'Uploading', 'TestMaxUploadSize'),
('membership', '', '1', 'checkbox', 'Enable/Disable membership. If you disable this feature, the visitors will not be able to sign up and login.', 0, 'Membership', ''),
('overlay', '', 'overlay.png', 'textfield', 'Overlay image to display while playing videos.', 12, 'Flash player', ''),
('playlists', '', '1', 'checkbox', 'Enable/disable playlists. If you disable this feature, the members will not be able to create video playlists.', 5, 'Features', ''),
('ratings', '', '1', 'checkbox', 'Enable/disable video ratings. If you disable this feature, the members will not be able to rate videos.', 3, 'Features', ''),
('red5_server', '', 'rtmp://localhost/oflaDemo', 'textfield', 'Red5 RTMP server URL', 23, 'Webcam', 'TestRed5Server'),
('red5_streams', '', 'C:\\Program Files\\Red5\\webapps\\oflaDemo\\streams', 'textfield', 'Absolute path to Red5 streams', 22, 'Webcam', 'TestRed5Streams'),
('remove_links', '', '1', 'checkbox', 'Remove links from the public posts.', 17, 'Videos', ''),
('remove_videos', '', '', 'checkbox', 'Allow members to remove approved videos', 20, 'Videos', ''),
('skip_flv_conversion', '', '', 'checkbox', 'Enable this option to skip the re-conversion of FLV video files.', 13, 'Video conversion', ''),
('subscriptions', '', '1', 'checkbox', 'Enable/disable video subscriptions. If you disable this feature, the members will not be able to subscribe to channels or tags.', 2, 'Features', ''),
('uploads', '', '1', 'checkbox', 'Enable/disable video uploading. If you disable this feature, the members will not be able to upload new videos.', 1, 'Uploading', ''),
('webcam', '', '', 'checkbox', 'Enable/disable webcam video recording.', 21, 'Webcam', '');

CREATE TABLE `subscriptions` (
  `id` int(11) NOT NULL auto_increment,
  `username` varchar(255) NOT NULL default '',
  `channel` varchar(255) NOT NULL default '',
  `tag` enum('0','1') NOT NULL default '0',
  PRIMARY KEY  (`id`)
) AUTO_INCREMENT=1 ;

CREATE TABLE `tags` (
  `id` int(11) NOT NULL auto_increment,
  `tag` varchar(255) NOT NULL default '',
  PRIMARY KEY  (`id`)
)AUTO_INCREMENT=16 ;

INSERT INTO `tags` (`id`, `tag`) VALUES
(1, 'King'),
(2, 'John''s'),
(3, 'Castle'),
(4, 'Limerick'),
(5, 'Ireland'),
(6, 'Washington'),
(7, 'Monument'),
(8, 'Presidential'),
(9, 'Memorial'),
(10, 'George'),
(11, 'stock'),
(12, 'exchange'),
(13, 'New'),
(14, 'York'),
(15, 'City');

CREATE TABLE `thumbs` (
  `id` int(11) NOT NULL auto_increment,
  `videos_id` int(11) NOT NULL default '0',
  `filename` varchar(255) NOT NULL default '',
  PRIMARY KEY  (`id`),
  KEY `videos_id` (`videos_id`)
) AUTO_INCREMENT=4 ;

INSERT INTO `thumbs` (`id`, `videos_id`, `filename`) VALUES
(1, 1, '6cd26d31_c.jpg'),
(2, 2, 'bd35c0bd_c.jpg'),
(3, 3, '2721ba88_c.jpg');

CREATE TABLE `uploads` (
  `id` int(11) NOT NULL auto_increment,
  `categories_id` int(11) NOT NULL default '0',
  `username` varchar(255) NOT NULL default '',
  `title` varchar(255) NOT NULL default '',
  `description` text NOT NULL,
  `type` varchar(255) NOT NULL default '',
  `tags` text NOT NULL,
  `tt` int(10) NOT NULL default '0',
  `conversion` int(10) NOT NULL default '0',
  PRIMARY KEY  (`id`),
  KEY `categories_id` (`categories_id`,`username`)
) AUTO_INCREMENT=4 ;

CREATE TABLE `users` (
  `username` varchar(255) NOT NULL default '',
  `password` varchar(255) NOT NULL default '',
  `email` varchar(255) NOT NULL default '',
  `joined` int(10) NOT NULL default '0',
  `perms` int(11) NOT NULL default '0',
  `ip` varchar(255) NOT NULL default '',
  PRIMARY KEY  (`username`)
);

INSERT INTO `users` (`username`, `password`, `email`, `joined`, `perms`, `ip`) VALUES
('test', '5a105e8b9d40e1329780d62ea2265d8a', 'test@example.com', 1187278933, 0, '127.0.0.1');

CREATE TABLE `videos` (
  `id` int(11) NOT NULL auto_increment,
  `categories_id` int(11) NOT NULL default '0',
  `uploads_id` int(11) NOT NULL default '0',
  `username` varchar(255) NOT NULL default '0',
  `title` varchar(255) NOT NULL default '',
  `description` text NOT NULL,
  `filename` varchar(255) NOT NULL default '',
  `type` varchar(255) NOT NULL default '',
  `duration` varchar(8) NOT NULL default '',
  `tt` int(10) NOT NULL default '0',
  `hits` int(11) NOT NULL default '0',
  `approved` enum('0','1') NOT NULL default '0',
  `reported` enum('0','1') NOT NULL default '0',
  PRIMARY KEY  (`id`),
  KEY `cat_id` (`categories_id`),
  KEY `userid` (`username`),
  KEY `type` (`type`),
  KEY `uploads_id` (`uploads_id`),
  FULLTEXT KEY `fulltext` (`title`,`description`)
) ENGINE=MyISAM  AUTO_INCREMENT=4 ;

INSERT INTO `videos` (`id`, `categories_id`, `uploads_id`, `username`, `title`, `description`, `filename`, `type`, `duration`, `tt`, `hits`, `approved`, `reported`) VALUES
(1, 1, 1, 'test', 'Ireland: Limerick Castle', 'King John''s Castle is a castle located on King''s Island in Limerick, Ireland, next to the River Shannon.\r\n\r\nThe walls, towers and fortifications remain today, and are a visitor attraction. The remains of a Viking settlement were uncovered during the construction of a visitor centre at the site.', '6cd26d31_c.flv', 'flv', '00:21', 1187279175, 1, '1', '0'),
(2, 1, 2, 'test', 'Washington DC Reel: Washington Monument', 'The Washington Monument is a large, white-colored obelisk at the west end of the National Mall in Washington, D.C. It is a United States\r\n\r\nPresidential Memorial constructed for George Washington.', 'bd35c0bd_c.flv', 'flv', '00:21', 1187279344, 1, '1', '0'),
(3, 1, 3, 'test', 'Stock Exchange, New York City', 'A stock exchange, share market or bourse is a corporation or mutual organization which provides facilities for stock brokers and traders, to trade company stocks and other securities. Stock exchanges also provide facilities for the issue and redemption of securities, as well as, other financial instruments and capital events including the payment of income and dividends.\r\n\r\nThe securities traded on a stock exchange include: shares issued by companies, unit trusts and other pooled investment products and bonds. To be able to trade a security on a certain stock exchange, it has to be listed there. Usually there is a local &amp; central location at least for recordkeeping, but trade is less and less linked to such a physical place, as modern markets are electronic networks, which gives them advantages of speed and cost of transactions. Trade on an exchange is by members only &amp; stock &amp; share holders.\r\n\r\nThe initial offering of stocks and bonds to investors is by definition done in the primary market and subsequent trading is done in the secondary market. A stock exchange is often the most important component of a stock market. Supply and demand in stock markets is driven by various factors which, as in all free markets, affect the price of stocks (see stock valuation).', '2721ba88_c.flv', 'flv', '00:20', 1187279429, 1, '1', '0');

CREATE TABLE `video_comments` (
  `comments_id` int(11) NOT NULL default '0',
  `videos_id` int(11) NOT NULL default '0',
  KEY `comments_id` (`comments_id`,`videos_id`)
);

CREATE TABLE `video_tags` (
  `id` int(11) NOT NULL auto_increment,
  `tags_id` int(11) NOT NULL default '0',
  `videos_id` int(11) NOT NULL default '0',
  PRIMARY KEY  (`id`),
  KEY `tags_id` (`tags_id`,`videos_id`)
) AUTO_INCREMENT=17 ;

INSERT INTO `video_tags` (`id`, `tags_id`, `videos_id`) VALUES
(1, 1, 1),
(2, 2, 1),
(3, 3, 1),
(4, 4, 1),
(5, 5, 1),
(6, 6, 2),
(11, 6, 2),
(7, 7, 2),
(8, 8, 2),
(9, 9, 2),
(10, 10, 2),
(12, 11, 3),
(13, 12, 3),
(14, 13, 3),
(15, 14, 3),
(16, 15, 3);

